id,institution,address,purpose,latitude,longitude
40477,대구광역시 남구청,대구광역시 남구 대명로 2-3(남편),생활방범,35.83748797,128.5580408
40478,대구광역시 남구청,대구광역시 남구 대명로 2-3(남편),생활방범,35.83748797,128.5580408
40479,대구광역시 남구청,대구광역시 남구 관문시장6길 33(북편),생활방범,35.83618304,128.5614741
40480,대구광역시 남구청,대구광역시 남구 대명로 213(남편),생활방범,35.84072583,128.5803798
40481,대구광역시 남구청,대구광역시 남구 대명로 213(남편),생활방범,35.84072583,128.5803798
40482,대구광역시 남구청,대구광역시 남구 대명로 213(남편),생활방범,35.84072583,128.5803798
40483,대구광역시 남구청,대구광역시 남구 명덕로 336,생활방범,35.854921,128.606768
40484,대구광역시 남구청,대구광역시 남구 이천로25길 12-7,생활방범,35.852212,128.596911
40485,대구광역시 남구청,대구광역시 남구 희망로 62,생활방범,35.847374,128.605247
40486,대구광역시 남구청,대구광역시 남구 봉덕로9길 93-1,생활방범,35.848925,128.597164
40487,대구광역시 남구청,대구광역시 남구 봉덕로13길 54-10,생활방범,35.847137,128.597224
40488,대구광역시 남구청,대구광역시 남구 봉덕로13길 54-10,생활방범,35.847137,128.597224
40489,대구광역시 남구청,대구광역시 남구 앞산순환로 736,생활방범,35.834496,128.604776
40490,대구광역시 남구청,대구광역시 남구 효동길 63,생활방범,35.837557,128.600583
40491,대구광역시 남구청,대구광역시 남구 삼정4길 91,생활방범,35.835886,128.594542
40492,대구광역시 남구청,대구광역시 남구 봉덕3동 1322-12,생활방범,35.8347,128.59703
40493,대구광역시 남구청,대구광역시 남구 명덕로 116,생활방범,35.856197,128.582639
40494,대구광역시 남구청,대구광역시 남구 명덕로 116,생활방범,35.856197,128.582639
40495,대구광역시 남구청,대구광역시 남구 성당로 300,생활방범,35.859579,128.57473
40496,대구광역시 남구청,대구광역시 남구 성당로 300,생활방범,35.859579,128.57473
40497,대구광역시 남구청,대구광역시 남구 명덕로20길 12-6,생활방범,35.857159,128.579867
40498,대구광역시 남구청,대구광역시 남구 명덕로20길 12-6,생활방범,35.857159,128.579867
40499,대구광역시 남구청,대구광역시 남구 성당로 132,생활방범,35.847058,128.56736
40500,대구광역시 남구청,대구광역시 남구 성당로 132,생활방범,35.847058,128.56736
40501,대구광역시 남구청,대구광역시 남구 경상2길 27,생활방범,35.846839,128.575589
40502,대구광역시 남구청,대구광역시 남구 경상2길 27,생활방범,35.846839,128.575589
40503,대구광역시 남구청,대구광역시 남구 경상2길 27,생활방범,35.846839,128.575589
40504,대구광역시 남구청,대구광역시 남구 성당로18길 75,생활방범,35.846072,128.566518
40505,대구광역시 남구청,대구광역시 남구 봉덕로 2,생활방범,35.84505,128.590851
40506,대구광역시 남구청,대구광역시 남구 안지랑로 18,생활방범,35.83291,128.571542
40507,대구광역시 남구청,대구광역시 남구 안골길 64,생활방범,35.835865,128.576551
40508,대구광역시 남구청,대구광역시 남구 대명남로 64,생활방범,35.834773,128.565067
40509,대구광역시 남구청,대구광역시 남구 봉덕동 봉덕로21길 53-29,생활방범,35.84690144,128.6002078
40510,대구광역시 남구청,대구광역시 남구 대명동 명덕로48길 64-2,생활방범,35.8537414,128.5931849
40511,대구광역시 남구청,대구광역시 남구 큰골9길 12,생활방범,35.83413903,128.5837977
40512,대구광역시 남구청,대구광역시 남구 명덕로40길 105,생활방범,35.85209843,128.5900505
40513,대구광역시 남구청,대구광역시 남구 현충로5길 7-26,생활방범,35.8329339,128.5789931
40514,대구광역시 남구청,대구광역시 남구 앞산순환로 477,생활방범,35.83309107,128.576749
40515,대구광역시 남구청,대구광역시 남구 대경길 91,생활방범,35.8461151,128.5730242
40516,대구광역시 남구청,대구광역시 남구 성당로18길 21-1,생활방범,35.844377,128.564167
40517,대구광역시 남구청,대구광역시 남구 성당로18길 21-1,생활방범,35.844377,128.564167
40518,대구광역시 남구청,대구광역시 남구 고산4길 28-1,생활방범,35.832251,128.602366
40294,대구광역시 남구청,대구광역시 남구 대명동 중앙대로36길 9-55,생활방범,35.84899439,128.5913043
40295,대구광역시 남구청,대구광역시 남구 중앙대로36길 7-1,생활방범,35.8485787,128.5909765
40296,대구광역시 남구청,대구광역시 남구 중앙대로35길 22-2,생활방범,35.84974774,128.5896899
40297,대구광역시 남구청,대구광역시 남구 중앙대로35길 36-2,생활방범,35.849553,128.5889688
40298,대구광역시 남구청,대구광역시 남구 대명9동 산186-2,생활방범,35.83294297,128.5849939
40299,대구광역시 남구청,대구광역시 남구 대명9동 산186-2,생활방범,35.83294297,128.5849939
40300,대구광역시 남구청,대구광역시 남구 대명9동 산186-2,생활방범,35.83294297,128.5849939
40301,대구광역시 남구청,대구광역시 남구 두류공원로12길 25-29,생활방범,35.84360122,128.5728511
40102,대구광역시 남구청,대구광역시 남구 명덕로22길 53,생활방범,35.8555416,128.5826581
40103,대구광역시 남구청,대구광역시 남구 대경길 91,생활방범,35.846139,128.57304
40104,대구광역시 남구청,대구광역시 남구 대명동 성당로18길 43,생활방범,35.8450981,128.5651127
40105,대구광역시 남구청,대구광역시 남구 대명동 명덕시장길 2,생활방범,35.84394597,128.584809
40106,대구광역시 남구청,대구광역시 남구 대명로10길 46,생활방범,35.83614717,128.5633555
40107,대구광역시 남구청,대구광역시 남구 큰골8길 34,생활방범,35.83443336,128.5850541
40108,대구광역시 남구청,대구광역시 남구 큰골길 198,생활방범,35.8349674,128.5857287
40109,대구광역시 남구청,대구광역시 남구 두류공원로15길 27-1 (1),생활방범,35.84255795,128.5704857
40110,대구광역시 남구청,대구광역시 남구 두류공원로15길 27-1 (1),생활방범,35.84255795,128.5704857
40111,대구광역시 남구청,대구광역시 남구 대명동 명덕로8길 48,생활방범,35.8573952,128.5750752
40112,대구광역시 남구청,대구광역시 남구 영선시장2길 51,생활방범,35.85239139,128.592349
40113,대구광역시 남구청,대구광역시 남구 영선시장2길 51 (2),생활방범,35.85232179,128.5922775
40114,대구광역시 남구청,대구광역시 남구 봉덕동 841-120,생활방범,35.8448528,128.6061038
40115,대구광역시 남구청,대구광역시 남구 봉덕동 841-120,생활방범,35.8448528,128.6061038
40116,대구광역시 남구청,대구광역시 남구 이천동 657-1,생활방범,35.85128365,128.6070164
40117,대구광역시 남구청,대구광역시 남구 이천동 657-1,생활방범,35.85128365,128.6070164
40118,대구광역시 남구청,대구광역시 남구 봉덕동 봉덕로27길 31,생활방범,35.84605126,128.6027259
40119,대구광역시 남구청,대구광역시 남구 봉덕동 대덕로 193,생활방범,35.84152389,128.6040099
40120,대구광역시 남구청,대구광역시 남구 봉덕동 대봉로 36 A동,생활방범,35.84185006,128.6043845
40121,대구광역시 남구청,대구광역시 남구 대명동 대명로54길 21,생활방범,35.84226321,128.586734
40122,대구광역시 남구청,대구광역시 남구 대명동 산200-8,생활방범,35.8314247,128.574645
40123,대구광역시 남구청,대구광역시 남구 대명로19길 13,생활방범,35.84020109,128.5676128
40124,대구광역시 남구청,대구광역시 남구 대명동 현충로19길 109-8,생활방범,35.84263608,128.5740003
40125,대구광역시 남구청,대구광역시 남구 명덕로68길 43,생활방범,35.85297334,128.6061721
40126,대구광역시 남구청,대구광역시 남구 대봉로38길 13-2,생활방범,35.85480822,128.6033676
40127,대구광역시 남구청,대구광역시 남구 명덕로64길 12,생활방범,35.8542509,128.604858
40128,대구광역시 남구청,대구광역시 남구 명덕로64길 35,생활방범,35.85325042,128.6048614
40129,대구광역시 남구청,대구광역시 남구 명덕로68길 12,생활방범,35.85422304,128.6060506
40130,대구광역시 남구청,대구광역시 남구 대봉로30길 19,생활방범,35.85184731,128.604275
40131,대구광역시 남구청,대구광역시 남구 대봉로32길 6-1,생활방범,35.85237424,128.6034487
40132,대구광역시 남구청,대구광역시 남구 이천로28길 8-71,생활방범,35.85229865,128.6000069
40133,대구광역시 남구청,대구광역시 남구 이천로28길 43-1,생활방범,35.85476058,128.6002893
40134,대구광역시 남구청,대구광역시 남구 이천로32길 7-1,생활방범,35.85469546,128.5988938
40135,대구광역시 남구청,대구광역시 남구 이천로 136,생활방범,35.85335375,128.5986401
40136,대구광역시 남구청,대구광역시 남구 이천로27길 26,생활방범,35.85193964,128.5976974
40137,대구광역시 남구청,대구광역시 남구 이천로29길 14,생활방범,35.85382717,128.5976916
40138,대구광역시 남구청,대구광역시 남구 이천로29길 28-8,생활방범,35.85379493,128.5969274
40139,대구광역시 남구청,대구광역시 남구 이천로29길 88-2,생활방범,35.85099988,128.5971167
40140,대구광역시 남구청,대구광역시 남구 이천로19길 22,생활방범,35.85006138,128.5973422
40141,대구광역시 남구청,대구광역시 남구 대봉로 116-86,생활방범,35.84879871,128.6046947
40142,대구광역시 남구청,대구광역시 남구 명덕로 228-4,생활방범,35.85607625,128.5949184
40143,대구광역시 남구청,대구광역시 남구 명덕로68길 56,생활방범,35.85254299,128.6057307
40144,대구광역시 남구청,대구광역시 남구 명덕로66길 3-2,생활방범,35.85479779,128.6054379
40145,대구광역시 남구청,대구광역시 남구 대봉로 172-2,생활방범,35.85406277,128.6028415
40146,대구광역시 남구청,대구광역시 남구 중앙대로32길 110,생활방범,35.84757728,128.5966261
40147,대구광역시 남구청,대구광역시 남구 봉덕로13길 30-1,생활방범,35.84633876,128.5973695
40148,대구광역시 남구청,대구광역시 남구 봉덕로13길 54-1,생활방범,35.84739504,128.5970232
40149,대구광역시 남구청,대구광역시 남구 중앙대로 36길 7-2,생활방범,35.84856007,128.5910981
40150,대구광역시 남구청,대구광역시 남구 봉덕로7길 18,생활방범,35.84653086,128.5949908
40151,대구광역시 남구청,대구광역시 남구 봉덕로11길 14-1,생활방범,35.84571442,128.5960475
40152,대구광역시 남구청,대구광역시 남구 중앙대로32길 46,생활방범,35.84718928,128.5930806
40153,대구광역시 남구청,대구광역시 남구 이천로 64,생활방범,35.8468456,128.5987572
40154,대구광역시 남구청,대구광역시 남구 봉덕공원길 15,생활방범,35.84225854,128.6057962
40155,대구광역시 남구청,대구광역시 남구 신촌길 111,생활방범,35.83890175,128.6047744
40156,대구광역시 남구청,대구광역시 남구 대덕로40길 98,생활방범,35.83676993,128.6039169
40157,대구광역시 남구청,대구광역시 남구 용두길 32,생활방범,35.83367593,128.6044026
40158,대구광역시 남구청,대구광역시 남구 삼정길 46,생활방범,35.84021955,128.5953975
40159,대구광역시 남구청,대구광역시 남구 봉덕로12길 23,생활방범,35.84375349,128.5970623
40160,대구광역시 남구청,대구광역시 남구 이천로7길 69,생활방범,35.84380433,128.5940848
40161,대구광역시 남구청,대구광역시 남구 신촌길 22,생활방범,35.83823156,128.6000316
40162,대구광역시 남구청,대구광역시 남구 삼정2길 71-116,생활방범,35.83676144,128.5966113
40163,대구광역시 남구청,대구광역시 남구 장전1길 135,생활방범,35.8403583,128.5780968
40164,대구광역시 남구청,대구광역시 남구 두류공원로16길 69-1,생활방범,35.84455305,128.5735997
40165,대구광역시 남구청,대구광역시 남구 대경길 185,생활방범,35.84514556,128.575973
40166,대구광역시 남구청,대구광역시 남구 현충로29길 26,생활방범,35.84598089,128.5784477
40167,대구광역시 남구청,대구광역시 남구 중앙대로51길 32,생활방범,35.85639511,128.5887538
40168,대구광역시 남구청,대구광역시 남구 중앙대로51길 75,생활방범,35.85601922,128.5861646
40169,대구광역시 남구청,대구광역시 남구 중앙대로47길 97,생활방범,35.85434818,128.5852622
40170,대구광역시 남구청,대구광역시 남구 대명동 명덕로42길 35,생활방범,35.85515185,128.5922986
40171,대구광역시 남구청,대구광역시 남구 명덕로 220,생활방범,35.85640429,128.5942012
40172,대구광역시 남구청,대구광역시 남구 대명동 명덕로48길 17,생활방범,35.85579196,128.5940859
40173,대구광역시 남구청,대구광역시 남구 현충로46길 31,생활방범,35.85142599,128.5838014
40174,대구광역시 남구청,대구광역시 남구 계명중앙1길 21,생활방범,35.85646834,128.581137
40175,대구광역시 남구청,대구광역시 남구 양지북길 94-1,생활방범,35.85181008,128.578944
40176,대구광역시 남구청,대구광역시 남구 명덕로16길 156,생활방범,35.85141554,128.5766495
40177,대구광역시 남구청,대구광역시 남구 명덕로16길 62,생활방범,35.85563184,128.5770454
40178,대구광역시 남구청,대구광역시 남구 명덕로12길 97,생활방범,35.853403,128.5761142
40179,대구광역시 남구청,대구광역시 남구 명덕로16길 23,생활방범,35.85714223,128.5778425
40180,대구광역시 남구청,대구광역시 남구 양지로6길 67,생활방범,35.84824779,128.577501
40181,대구광역시 남구청,대구광역시 남구 대명동 현충서길 55,생활방범,35.84669361,128.578309
40182,대구광역시 남구청,대구광역시 남구 대경길 230,생활방범,35.84690731,128.5769821
40183,대구광역시 남구청,대구광역시 남구 대명동 대경5길 41-2,생활방범,35.84732643,128.5760441
40184,대구광역시 남구청,대구광역시 남구 대경길 335,생활방범,35.84954395,128.5741117
40185,대구광역시 남구청,대구광역시 남구 성당시장길 42-1,생활방범,35.84808364,128.5703704
40186,대구광역시 남구청,대구광역시 남구 성당로28길 12,생활방범,35.84703942,128.5681931
40187,대구광역시 남구청,대구광역시 남구 대명동 중앙대로21길 9,생활방범,35.84250768,128.5896557
40188,대구광역시 남구청,대구광역시 남구 대명로53길 28-4,생활방범,35.84408805,128.5858841
40189,대구광역시 남구청,대구광역시 남구 대명동 대명로58길 54,생활방범,35.84165169,128.5882904
40190,대구광역시 남구청,대구광역시 남구 현충로20길 18-2,생활방범,35.84145325,128.5809276
40191,대구광역시 남구청,대구광역시 남구 앞산순환로 407,생활방범,35.83231316,128.5704031
40192,대구광역시 남구청,대구광역시 남구 안지랑로7길 28-1,생활방범,35.8335076,128.5695095
40193,대구광역시 남구청,대구광역시 남구 안지랑로7길 28-1,생활방범,35.8335076,128.5695095
40194,대구광역시 남구청,대구광역시 남구 안지랑로15길 24-1,생활방범,35.83661218,128.5698564
40195,대구광역시 남구청,대구광역시 남구 안지랑로13길 18-2,생활방범,35.8361318,128.5704174
40196,대구광역시 남구청,대구광역시 남구 대명남로 81,생활방범,35.83503193,128.5670778
40197,대구광역시 남구청,대구광역시 남구 안지랑로21길 73,생활방범,35.83794867,128.5655157
40198,대구광역시 남구청,대구광역시 남구 앞산순환로99길 13,생활방범,35.83399,128.578456
40199,대구광역시 남구청,대구광역시 남구 자유길 12,생활방범,35.84102331,128.5833231
40200,대구광역시 남구청,대구광역시 남구 큰골3길 17,생활방범,35.83763401,128.5804347
40201,대구광역시 남구청,대구광역시 남구 큰골5길 19,생활방범,35.83738363,128.581883
40202,대구광역시 남구청,대구광역시 남구 현충로15길 30,생활방범,35.83856398,128.5782387
40203,대구광역시 남구청,대구광역시 남구 대명동 대명로36길 8,생활방범,35.83850604,128.5763603
40205,대구광역시 남구청,대구광역시 남구 대명복개로 21,생활방범,35.83964915,128.5604027
40206,대구광역시 남구청,대구광역시 남구 대명복개로1길 30,생활방범,35.84080043,128.5609228
40207,대구광역시 남구청,대구광역시 남구 대명동 대명복개로3길 63,생활방범,35.84146696,128.5637259
40208,대구광역시 남구청,대구광역시 남구 대명로13길 16,생활방범,35.84008027,128.5645679
40209,대구광역시 남구청,대구광역시 남구 도촌길 31,생활방범,35.84076063,128.5712587
40210,대구광역시 남구청,대구광역시 남구 대명서로 118,생활방범,35.83367072,128.5590323
40211,대구광역시 남구청,대구광역시 남구 대덕초등길 13,생활방범,35.83322009,128.5609551
40212,대구광역시 남구청,대구광역시 남구 앞산순환로69길 19-1,생활방범,35.83131324,128.5639522
40213,대구광역시 남구청,대구광역시 남구 매자안길 40,생활방범,35.83146652,128.5593489
40214,대구광역시 남구청,대구광역시 남구 앞산순환로 651,생활방범,35.83275206,128.5965047
40215,대구광역시 남구청,대구광역시 남구 앞산순환로 651,생활방범,35.83275206,128.5965047
40216,대구광역시 남구청,대구광역시 남구 대명역1길 38,생활방범,35.83851079,128.5667263
40217,대구광역시 남구청,대구광역시 남구 앞산순환로87길 56,생활방범,35.83287409,128.573128
40218,대구광역시 남구청,대구광역시 남구 대명로15길 13,생활방범,35.84069559,128.565967
40219,대구광역시 남구청,대구광역시 남구 관문시장1길 75,생활방범,35.83476338,128.5605232
40220,대구광역시 남구청,대구광역시 남구 봉덕로21길 32-2,생활방범,35.84621135,128.6012211
40221,대구광역시 남구청,대구광역시 남구 이천로6길 20,생활방범,35.84291303,128.5993142
40222,대구광역시 남구청,대구광역시 남구 대덕로40길 61-1,생활방범,35.83827913,128.6049135
40223,대구광역시 남구청,대구광역시 남구 고산1길 19,생활방범,35.83311819,128.6023949
40224,대구광역시 남구청,대구광역시 남구 삼정4길 25,생활방범,35.83857278,128.593672
40225,대구광역시 남구청,대구광역시 남구 이천로1길 60,생활방범,35.84220685,128.5945157
40226,대구광역시 남구청,대구광역시 남구 현충로19길 25,생활방범,35.84135687,128.5784915
40227,대구광역시 남구청,대구광역시 남구 현충로19길 59-8,생활방범,35.84120328,128.5766971
40228,대구광역시 남구청,대구광역시 남구 현충로25길 31,생활방범,35.8439541,128.5782005
40229,대구광역시 남구청,대구광역시 남구 대경길 28,생활방범,35.84896447,128.572779
40230,대구광역시 남구청,대구광역시 남구 현충로19길 10,생활방범,35.84157829,128.5793012
40231,대구광역시 남구청,대구광역시 남구 명덕로26길 23,생활방범,35.85528051,128.5844498
40232,대구광역시 남구청,대구광역시 남구 현충로40길 77,생활방범,35.85000346,128.5853298
40233,대구광역시 남구청,대구광역시 남구 현충로37길 7-2,생활방범,35.84928089,128.580077
40234,대구광역시 남구청,대구광역시 남구 현충로42길 24,생활방범,35.85067268,128.5830209
40235,대구광역시 남구청,대구광역시 남구 대명동 현충로39길 32,생활방범,35.85067215,128.5794118
40236,대구광역시 남구청,대구광역시 남구 명덕시장길 84,생활방범,35.84519704,128.5876524
40237,대구광역시 남구청,대구광역시 남구 대명로57길 7,생활방범,35.84411076,128.5867698
40462,대구광역시 남구청,대구광역시 남구 중앙대로52길 5-2(서편),생활방범,35.85544573,128.5911936
40463,대구광역시 남구청,대구광역시 남구 명덕로 194,생활방범,35.85672376,128.5915685
40464,대구광역시 남구청,대구광역시 남구 명덕로 194,생활방범,35.85672376,128.5915685
40465,대구광역시 남구청,대구광역시 남구 현충로50길 2,생활방범,35.85336518,128.5835278
40466,대구광역시 남구청,대구광역시 남구 현충로50길 2,생활방범,35.85336518,128.5835278
40467,대구광역시 남구청,대구광역시 남구 성명공원길 13,생활방범,35.84776934,128.5720176
40468,대구광역시 남구청,대구광역시 남구 현충동길 99,생활방범,35.84596987,128.5807281
40469,대구광역시 남구청,대구광역시 남구 큰골길 50(동편),생활방범,35.8370739,128.5788367
40470,대구광역시 남구청,대구광역시 남구 큰골길 50(동편),생활방범,35.8370739,128.5788367
40471,대구광역시 남구청,대구광역시 남구 안지랑로16길 79(동편),생활방범,35.83676478,128.5756466
40472,대구광역시 남구청,대구광역시 남구 안지랑로16길 79(동편),생활방범,35.83676478,128.5756466
40473,대구광역시 남구청,대구광역시 남구 안지랑로16길 36-1(서편),생활방범,35.83702685,128.5736228
40474,대구광역시 남구청,대구광역시 남구 안지랑로16길 36-1(서편),생활방범,35.83702685,128.5736228
40475,대구광역시 남구청,대구광역시 남구 대명복개로 130(북동편),생활방범,35.8413898,128.5659277
40476,대구광역시 남구청,대구광역시 남구 대명복개로 130(북동편),생활방범,35.8413898,128.5659277
41002,대구광역시 남구청,대구광역시 남구 대봉로26길 33,어린이보호,35.85141666,128.6056667
41003,대구광역시 남구청,대구광역시 남구 이천동 명덕로52길 33,어린이보호,35.85501613,128.5960398
41004,대구광역시 남구청,대구광역시 남구 이천로25길 64,어린이보호,35.85264266,128.5948263
41005,대구광역시 남구청,대구광역시 남구 앞산순환로 707,어린이보호,35.8345641,128.6005139
41006,대구광역시 남구청,대구광역시 남구 앞산순환로 707,어린이보호,35.8345641,128.6005139
41007,대구광역시 남구청,대구광역시 남구 효성로 71,어린이보호,35.83779557,128.5988993
41008,대구광역시 남구청,대구광역시 남구 효성로 71,어린이보호,35.83779557,128.5988993
41009,대구광역시 남구청,대구광역시 남구 봉덕초등길 17,어린이보호,35.83862188,128.5976768
41010,대구광역시 남구청,대구광역시 남구 두류공원로 64,어린이보호,35.84301376,128.5712971
41011,대구광역시 남구청,대구광역시 남구 두류공원로 58,어린이보호,35.84285801,128.5718273
41012,대구광역시 남구청,대구광역시 남구 명덕로34길 56,어린이보호,35.85405892,128.5872751
41013,대구광역시 남구청,대구광역시 남구 명덕로34길 56,어린이보호,35.85405892,128.5872751
41014,대구광역시 남구청,대구광역시 남구 성당로50길 34,어린이보호,35.85492488,128.5759885
41015,대구광역시 남구청,대구광역시 남구 명덕로20길 24,어린이보호,35.85626379,128.579572
41016,대구광역시 남구청,대구광역시 남구 두류공원로20길 47 건너,어린이보호,35.84658543,128.5707914
41017,대구광역시 남구청,대구광역시 남구 두류공원로18길 21,어린이보호,35.84496367,128.5711326
41018,대구광역시 남구청,대구광역시 남구 (대체)현충동길 79,어린이보호,35.84496036,128.5807318
41019,대구광역시 남구청,대구광역시 남구 (대체)현충동길 79,어린이보호,35.84496036,128.5807318
41020,대구광역시 남구청,대구광역시 남구 대명로 100,어린이보호,35.8388701,128.5688874
41021,대구광역시 남구청,대구광역시 남구 대명로 100,어린이보호,35.8388701,128.5688874
41022,대구광역시 남구청,대구광역시 남구 앞산순환로93길 33,어린이보호,35.8329149,128.5730557
41023,대구광역시 남구청,대구광역시 남구 큰골4길 30 건너,어린이보호,35.83506923,128.5814675
41024,대구광역시 남구청,대구광역시 남구 큰골4길 41,어린이보호,35.8343637,128.5819826
41025,대구광역시 남구청,대구광역시 남구 대명서로 28,어린이보호,35.8304316,128.561677
41026,대구광역시 남구청,대구광역시 남구 대명서로 28,어린이보호,35.8304316,128.561677
41027,대구광역시 남구청,대구광역시 남구 대명서1길 47,어린이보호,35.83104572,128.5631617
41028,대구광역시 남구청,대구광역시 남구 중앙대로 128,어린이보호,35.84456865,128.5908027
41029,대구광역시 남구청,대구광역시 남구 중앙대로 118,어린이보호,35.84370336,128.5908074
41030,대구광역시 남구청,대구광역시 남구 효서길 7,어린이보호,35.83799203,128.5980456
41031,대구광역시 남구청,대구광역시 남구 삼정1길 55,어린이보호,35.83797567,128.596056
41032,대구광역시 남구청,대구광역시 남구 중앙대로40길 10-1,어린이보호,35.849851,128.591454
41033,대구광역시 남구청,대구광역시 남구 중앙대로40길 20,어린이보호,35.84992649,128.5918279
41034,대구광역시 남구청,대구광역시 남구 대명로 254-1,어린이보호,35.842278,128.584594
41035,대구광역시 남구청,대구광역시 남구 안지랑로17길 85,어린이보호,35.836934,128.566642
41036,대구광역시 남구청,대구광역시 남구 대명동 안지랑로17길 93,어린이보호,35.8368917,128.5660285
41037,대구광역시 남구청,대구광역시 남구 대명로 254-1,어린이보호,35.84221365,128.5844563
41038,대구광역시 남구청,대구광역시 남구 대명남로 138,어린이보호,35.83482026,128.5732748
41039,대구광역시 남구청,대구광역시 남구 대명동 골안길 17,어린이보호,35.83767013,128.5614957
41040,대구광역시 남구청,대구광역시 남구 대명동 골안길 23,어린이보호,35.83734447,128.5617479
41041,대구광역시 남구청,대구광역시 남구 이천로28길 42-33,어린이보호,35.85372,128.599767
41042,대구광역시 남구청,대구광역시 남구 희망로5길 19,어린이보호,35.84884861,128.600145
41043,대구광역시 남구청,대구광역시 남구 장전1길 91-3,어린이보호,35.84569559,128.5925713
41044,대구광역시 남구청,대구광역시 남구 장전3길 124,어린이보호,35.84202575,128.5780979
41045,대구광역시 남구청,대구광역시 남구 양지로3길 66,어린이보호,35.85428284,128.5756778
41046,대구광역시 남구청,대구광역시 남구 양지로6길 21,어린이보호,35.850215,128.576757
41047,대구광역시 남구청,대구광역시 남구 대명로49길 12,어린이보호,35.842598,128.583129
41048,대구광역시 남구청,대구광역시 남구 자유5길 21,어린이보호,35.837246,128.583893
41049,대구광역시 남구청,대구광역시 남구 대명동 대명복개로 197 B동,어린이보호,35.84224765,128.5693986
41050,대구광역시 남구청,대구광역시 남구 대명서로 47-2,어린이보호,35.83078021,128.5603734
41051,대구광역시 남구청,대구광역시 남구 대명서2길 45,어린이보호,35.83184101,128.5626406
41052,대구광역시 남구청,대구광역시 남구 이천동 237-85,어린이보호,35.85025139,128.6062085
41053,대구광역시 남구청,대구광역시 남구 대봉로 130 건너,어린이보호,35.85036325,128.6036549
41054,대구광역시 남구청,대구광역시 남구 희망로7길 24,어린이보호,35.84889837,128.6028024
41055,대구광역시 남구청,대구광역시 남구 이천로29길 28-1,어린이보호,35.85338194,128.5969907
41056,대구광역시 남구청,대구광역시 남구 이천로28길 8-34,어린이보호,35.8529088,128.599301
41057,대구광역시 남구청,대구광역시 남구 앞산순환로 688,어린이보호,35.83323551,128.6005695
41058,대구광역시 남구청,대구광역시 남구 효성로 20,어린이보호,35.83537222,128.6003945
41059,대구광역시 남구청,대구광역시 남구 효성로 57,어린이보호,35.83847314,128.5985834
41060,대구광역시 남구청,대구광역시 남구 삼정1길 10,어린이보호,35.8397806,128.5966672
41061,대구광역시 남구청,대구광역시 남구 두류공원로16길 11,어린이보호,35.84363656,128.5711134
41062,대구광역시 남구청,대구광역시 남구 장전1길 69-1,어린이보호,35.84113777,128.575324
41063,대구광역시 남구청,대구광역시 남구 계명2길 1,어린이보호,35.85583,128.5763214
41064,대구광역시 남구청,대구광역시 남구 명덕로14길 98,어린이보호,35.8542191,128.576587
41065,대구광역시 남구청,대구광역시 남구 성당로48길 43,어린이보호,35.85336486,128.5766171
41066,대구광역시 남구청,대구광역시 남구 명덕로8길 138-2,어린이보호,35.85350077,128.5746716
41067,대구광역시 남구청,대구광역시 남구 대경길 67-1,어린이보호,35.84730545,128.5728999
41068,대구광역시 남구청,대구광역시 남구 대경길 113,어린이보호,35.84554081,128.5724887
41069,대구광역시 남구청,대구광역시 남구 두류공원로18길 17-2,어린이보호,35.84472017,128.5706894
41070,대구광역시 남구청,대구광역시 남구 두류공원로20길 12-1,어린이보호,35.84560928,128.569467
41071,대구광역시 남구청,대구광역시 남구 대명동 현충로24길 35,어린이보호,35.84296179,128.5821009
41072,대구광역시 남구청,대구광역시 남구 대명로22길 23,어린이보호,35.8381449,128.5696147
41073,대구광역시 남구청,대구광역시 남구 안지랑로17길 103,어린이보호,35.83687576,128.5655856
41074,대구광역시 남구청,대구광역시 남구 큰골길 119-1,어린이보호,35.83642508,128.582529
41075,대구광역시 남구청,대구광역시 남구 현충로6길 63,어린이보호,35.83457705,128.5833832
41076,대구광역시 남구청,대구광역시 남구 앞산순환로89길 21,어린이보호,35.83221556,128.573245
41077,대구광역시 남구청,대구광역시 남구 대명남로 140,어린이보호,35.83500418,128.5735064
41078,대구광역시 남구청,대구광역시 남구 앞산순환로89길 72,어린이보호,35.83439353,128.5739248
41079,대구광역시 남구청,대구광역시 남구 골안길 144,어린이보호,35.83216457,128.5630838
41080,대구광역시 남구청,대구광역시 남구 대명서1길 27,어린이보호,35.83085305,128.5623861
41081,대구광역시 남구청,대구광역시 남구 큰골6길 49,어린이보호,35.83390231,128.5824429
41082,대구광역시 남구청,대구광역시 남구 명덕로68길 58,어린이보호,35.85241776,128.6055415
41083,대구광역시 남구청,대구광역시 남구 이천동 명덕로52길 53,어린이보호,35.85406016,128.5961544
41084,대구광역시 남구청,대구광역시 남구 효동길 85,어린이보호,35.83658202,128.6007315
41085,대구광역시 남구청,대구광역시 남구 효성2길 19-2,어린이보호,35.8365263,128.6005173
41086,대구광역시 남구청,대구광역시 남구 효동2길 16,어린이보호,35.83740937,128.6005212
41087,대구광역시 남구청,대구광역시 남구 봉덕동 효명길 33 명가마을,어린이보호,35.83440836,128.5985417
41088,대구광역시 남구청,대구광역시 남구 삼정1길 30,어린이보호,35.83899653,128.5966502
41089,대구광역시 남구청,대구광역시 남구 효성로 50-1,어린이보호,35.83779463,128.5990875
41090,대구광역시 남구청,대구광역시 남구 대명동 장전2길 1,어린이보호,35.84022001,128.5768671
41091,대구광역시 남구청,대구광역시 남구 장전1길 3,어린이보호,35.84300353,128.5725203
41092,대구광역시 남구청,대구광역시 남구 명덕로34길 22,어린이보호,35.85537752,128.5873307
41093,대구광역시 남구청,대구광역시 남구 명덕로8길 99,어린이보호,35.85519197,128.5748116
41094,대구광역시 남구청,대구광역시 남구 성당로50길 34,어린이보호,35.85492488,128.5759885
41095,대구광역시 남구청,대구광역시 남구 성당로50길 46,어린이보호,35.85490403,128.5765751
41096,대구광역시 남구청,대구광역시 남구 계명중앙1길 1,어린이보호,35.85692349,128.5802103
41097,대구광역시 남구청,대구광역시 남구 명덕로20길 24,어린이보호,35.85626379,128.579572
41098,대구광역시 남구청,대구광역시 남구 명덕로20길 40,어린이보호,35.85585588,128.5791839
41099,대구광역시 남구청,대구광역시 남구 성당로30길 58,어린이보호,35.84517208,128.570427
41100,대구광역시 남구청,대구광역시 남구 두류공원로20길 47 건너,어린이보호,35.84658543,128.5707914
41101,대구광역시 남구청,대구광역시 남구 두류공원로20길 50-51,어린이보호,35.84577916,128.5716491
41102,대구광역시 남구청,대구광역시 남구 양지로6길 10,어린이보호,35.85044412,128.5762328
41103,대구광역시 남구청,대구광역시 남구 양지로8길 20,어린이보호,35.85004142,128.577503
41104,대구광역시 남구청,대구광역시 남구 대명동 현충로28길 11,어린이보호,35.84536605,128.5807126
41105,대구광역시 남구청,대구광역시 남구 현충로26길 47,어린이보호,35.84405804,128.5827953
41106,대구광역시 남구청,대구광역시 남구 대명동 대명로20길 56 대명중앙시장,어린이보호,35.83702053,128.5679035
41107,대구광역시 남구청,대구광역시 남구 대명동 안지랑로10길 9-2,어린이보호,35.8342405,128.5719978
41108,대구광역시 남구청,대구광역시 남구 앞산순환로93길 65,어린이보호,35.83500732,128.5751582
41109,대구광역시 남구청,대구광역시 남구 현충로5길 87-1,어린이보호,35.8339477,128.574796
41167,대구광역시 남구청,대구광역시 남구 중앙대로31길 172-2,어린이보호,35.85216214,128.5844047
41168,대구광역시 남구청,대구광역시 남구 대봉로28길 8-2,어린이보호,35.85057838,128.603889
41169,대구광역시 남구청,대구광역시 남구 대봉로30길 37(2),어린이보호,35.85232987,128.605098
41170,대구광역시 남구청,대구광역시 남구 대봉로30길 37(2),어린이보호,35.85232987,128.605098
41171,대구광역시 남구청,대구광역시 남구 이천로29길 28-25,어린이보호,35.8532385,128.5964471
41172,대구광역시 남구청,대구광역시 남구 효성중앙길 37,어린이보호,35.83829523,128.6035079
41173,대구광역시 남구청,대구광역시 남구 앞산순환로 700,어린이보호,35.83379705,128.6018245
41174,대구광역시 남구청,대구광역시 남구 효성로 79-3,어린이보호,35.8403152,128.597911
41175,대구광역시 남구청,대구광역시 남구 효성로 76,어린이보호,35.84006025,128.5984293
41176,대구광역시 남구청,대구광역시 남구 효명길 14,어린이보호,35.83479575,128.5985778
41177,대구광역시 남구청,대구광역시 남구 효성로 21-1,어린이보호,35.83552845,128.5998563
41178,대구광역시 남구청,대구광역시 남구 현충로 133,어린이보호,35.84479394,128.5797343
41179,대구광역시 남구청,대구광역시 남구 중앙대로45길 36,어린이보호,35.85404773,128.5895557
41180,대구광역시 남구청,대구광역시 남구 중앙대로50길 36-1,어린이보호,35.85273992,128.5933877
41181,대구광역시 남구청,대구광역시 남구 명덕로34길 120,어린이보호,35.85118239,128.5875417
41182,대구광역시 남구청,대구광역시 남구 명덕로12길 116,어린이보호,35.85255707,128.5760269
41183,대구광역시 남구청,대구광역시 남구 현충로 156,어린이보호,35.84681928,128.5802804
41184,대구광역시 남구청,대구광역시 남구 대명로 247,어린이보호,35.8420053,128.5833427
41185,대구광역시 남구청,대구광역시 남구 대명동 대명로14길 12,어린이보호,35.83853989,128.5643798
41186,대구광역시 남구청,대구광역시 남구 대명로14길 52-2,어린이보호,35.83681768,128.5645226
41187,대구광역시 남구청,대구광역시 남구 대명동 앞산순환로87길 34,어린이보호,35.83209608,128.5729621
41188,대구광역시 남구청,대구광역시 남구 두류공원로 19,어린이보호,35.84017673,128.5746197
41189,대구광역시 남구청,대구광역시 남구 앞산순환로63길 1,어린이보호,35.82852027,128.5612531
41190,대구광역시 남구청,대구광역시 남구 대명동 중앙대로40길 10-1 경북유치원 경북어린이집,어린이보호,35.85008727,128.591286
41191,대구광역시 남구청,대구광역시 남구 안지랑로17길 85,어린이보호,35.83691591,128.5666264
41192,대구광역시 남구청,대구광역시 남구 골안길 18,어린이보호,35.83753623,128.561218
41193,대구광역시 남구청,대구광역시 남구 골안길 23,어린이보호,35.83718708,128.5616885
41194,대구광역시 남구청,대구광역시 남구 이천로28길 42-33,어린이보호,35.85369227,128.599736
41195,대구광역시 남구청,대구광역시 남구 장전1길 92,어린이보호,35.840583,128.576385
41196,대구광역시 남구청,대구광역시 남구 대명동 양지로6길 21,어린이보호,35.85019826,128.5767513
41197,대구광역시 남구청,대구광역시 남구 대명로49길 12,어린이보호,35.84276827,128.582974
41198,대구광역시 남구청,대구광역시 남구 대명동 자유5길 21,어린이보호,35.83724787,128.5838523
41199,대구광역시 남구청,대구광역시 남구 대명동 대명복개로 197 B동,어린이보호,35.84224765,128.5693986
42001,대구광역시 남구청,대구광역시 남구 현충로23길 23,다목적,35.84283204,128.5783828
42002,대구광역시 남구청,대구광역시 남구 현충로23길 23,다목적,35.84283204,128.5783828
42003,대구광역시 남구청,대구광역시 남구 현충로23길 21,다목적,35.84278892,128.5787123
42004,대구광역시 남구청,대구광역시 남구 안지랑로20길 55,다목적,35.83828559,128.5742739
42005,대구광역시 남구청,대구광역시 남구 안지랑로20길 55,다목적,35.83828559,128.5742739
42006,대구광역시 남구청,대구광역시 남구 안지랑로20길 55,다목적,35.83828559,128.5742739
42007,대구광역시 남구청,대구광역시 남구 대명역6길 48,다목적,35.83290801,128.5640918
42008,대구광역시 남구청,대구광역시 남구 대명역6길 48,다목적,35.83290801,128.5640918
42009,대구광역시 남구청,대구광역시 남구 대명역6길 48,다목적,35.83290801,128.5640918
42010,대구광역시 남구청,대구광역시 남구 봉덕로5길 20,다목적,35.84614252,128.5933274
42011,대구광역시 남구청,대구광역시 남구 봉덕로5길 20,다목적,35.84614252,128.5933274
42012,대구광역시 남구청,대구광역시 남구 봉덕로5길 20,다목적,35.84614252,128.5933274
42013,대구광역시 남구청,대구광역시 남구 봉덕동 이천로10길 50 봉덕2동주민센터,다목적,35.8438698,128.601257
42014,대구광역시 남구청,대구광역시 남구 봉덕동 이천로10길 50 봉덕2동주민센터,다목적,35.8438698,128.601257
42015,대구광역시 남구청,대구광역시 남구 성명공원길 49,다목적,35.84786064,128.5712354
42016,대구광역시 남구청,대구광역시 남구 봉덕로6길 35-22(목련공원-1 (고정형)),다목적,35.8437275,128.5913943
42017,대구광역시 남구청,대구광역시 남구 봉덕로6길 35-22(목련공원-1 (고정형)),다목적,35.8437275,128.5913943
42018,대구광역시 남구청,대구광역시 남구 대명로20길 28,다목적,35.837688,128.567996
42019,대구광역시 남구청,대구광역시 남구 두류공원로12길 17-25,다목적,35.84391932,128.5722999
42020,대구광역시 남구청,대구광역시 남구 두류공원로12길 17-25,다목적,35.84391932,128.5722999
42021,대구광역시 남구청,대구광역시 남구 두류공원로12길 17-25,다목적,35.84391932,128.5722999
42022,대구광역시 남구청,대구광역시 남구 영선길 34,다목적,35.85378769,128.5920449
42023,대구광역시 남구청,대구광역시 남구 영선길 39,다목적,35.8538273,128.591946
42024,대구광역시 남구청,대구광역시 남구 대명동 영선길 35,다목적,35.85402584,128.5921684
42025,대구광역시 남구청,대구광역시 남구 명덕로32길 30,다목적,35.85512088,128.5864635
42026,대구광역시 남구청,대구광역시 남구 명덕로32길 30,다목적,35.85512088,128.5864635
42027,대구광역시 남구청,대구광역시 남구 명덕로32길 30,다목적,35.85512088,128.5864635
42028,대구광역시 남구청,대구광역시 남구 명덕로18길 113,다목적,35.85286007,128.5780217
42029,대구광역시 남구청,대구광역시 남구 명덕로16길 123,다목적,35.85290507,128.5769761
42030,대구광역시 남구청,대구광역시 남구 계명7길 8,다목적,35.8527461,128.5773566
42031,대구광역시 남구청,대구광역시 남구 성당로48길 75,다목적,35.85330138,128.5780913
42032,대구광역시 남구청,대구광역시 남구 성명공원길 49,다목적,35.84786064,128.5712354
42033,대구광역시 남구청,대구광역시 남구 성명공원길 52-2,다목적,35.84794502,128.571089
42034,대구광역시 남구청,대구광역시 남구 성명공원길 49,다목적,35.84786064,128.5712354
42035,대구광역시 남구청,대구광역시 남구 대명동 152(명덕공원-2),다목적,35.84306852,128.5879355
42036,대구광역시 남구청,대구광역시 남구 대명동 152(명덕공원-2),다목적,35.84306852,128.5879355
42037,대구광역시 남구청,대구광역시 남구 명덕시장길 29,다목적,35.845245,128.584048
42038,대구광역시 남구청,대구광역시 남구 대명로20길 28,다목적,35.83788648,128.5679247
42039,대구광역시 남구청,대구광역시 남구 대명로20길 28,다목적,35.83788648,128.5679247
42040,대구광역시 남구청,대구광역시 남구 대명로20길 28,다목적,35.83788648,128.5679247
42041,대구광역시 남구청,대구광역시 남구 대명11동 1501-2(앞산빨래터공원-1),다목적,35.83218926,128.5654969
42042,대구광역시 남구청,대구광역시 남구 대명11동 1501-2(앞산빨래터공원-1),다목적,35.83218926,128.5654969
42043,대구광역시 남구청,대구광역시 남구 대명11동 1501-2(앞산빨래터공원-1),다목적,35.83218926,128.5654969
42044,대구광역시 남구청,대구광역시 남구 자유3길 61 (대덕공원-2),다목적,35.83852999,128.5815371
42045,대구광역시 남구청,대구광역시 남구 자유3길 61 (대덕공원-2),다목적,35.83852999,128.5815371
42046,대구광역시 남구청,대구광역시 남구 자유3길 61 (대덕공원-2),다목적,35.83852999,128.5815371
42047,대구광역시 남구청,대구광역시 남구 관문시장4길 53,다목적,35.83619467,128.5608225
42048,대구광역시 남구청,대구광역시 남구 관문시장4길 53,다목적,35.83619467,128.5608225
42049,대구광역시 남구청,대구광역시 남구 관문시장4길 53,다목적,35.83619467,128.5608225
42050,대구광역시 남구청,대구광역시 남구 이천로19길 62-2(대명동주민쉼터),다목적,35.85014273,128.5954829
42051,대구광역시 남구청,대구광역시 남구 봉덕로5길 5,다목적,35.845542,128.592938
42052,대구광역시 남구청,대구광역시 남구 봉덕동 봉덕로22길 20-1,다목적,35.84372537,128.6016138
42053,대구광역시 남구청,대구광역시 남구 두류공원로16길 37-1,다목적,35.84424851,128.5723277
42054,대구광역시 남구청,대구광역시 남구 대명동 현충로23길 20,다목적,35.84299251,128.5786862
42055,대구광역시 남구청,대구광역시 남구 대명동 영선길 46,다목적,35.85362053,128.5921102
42056,대구광역시 남구청,대구광역시 남구 대명동 명덕로30길 34,다목적,35.85499348,128.5860088
42057,대구광역시 남구청,대구광역시 남구 명덕로18길 117,다목적,35.852754,128.578037
42058,대구광역시 남구청,대구광역시 남구 성명공원길 38-1,다목적,35.848235,128.571592
42059,대구광역시 남구청,대구광역시 남구 명덕시장길 26,다목적,35.84521255,128.5847733
42060,대구광역시 남구청,대구광역시 남구 대명로58길 24,다목적,35.84290243,128.5879148
42061,대구광역시 남구청,대구광역시 남구 앞산순환로 351-27,다목적,35.83227429,128.5646674
42062,대구광역시 남구청,대구광역시 남구 대명로20길 29,다목적,35.83795408,128.5681835
42063,대구광역시 남구청,대구광역시 남구 자유3길 50,다목적,35.838814,128.582267
42064,대구광역시 남구청,대구광역시 남구 대명로30길 25-1,다목적,35.83801611,128.5740838
42065,대구광역시 남구청,대구광역시 남구 관문시장6길 20,다목적,35.836266,128.560371
42066,대구광역시 남구청,대구광역시 남구 대명서4길 92-1,다목적,35.8324569,128.5641706
42067,대구광역시 남구청,대구광역시 남구 중앙대로26길 39,다목적,35.845916,128.593549
42068,대구광역시 남구청,대구광역시 남구 대명동 장전3길 148,다목적,35.84298118,128.5780938
42069,대구광역시 남구청,대구광역시 남구 두류공원로12길 17-15,다목적,35.843919,128.572418
42070,대구광역시 남구청,대구광역시 남구 명덕로32길 30,다목적,35.85512088,128.5864635
42071,대구광역시 남구청,대구광역시 남구 성당로48길 53,다목적,35.85335221,128.576896
42072,대구광역시 남구청,대구광역시 남구 성당로48길 75,다목적,35.85330138,128.5780913
42073,대구광역시 남구청,대구광역시 남구 성명공원길 41-1,다목적,35.84802371,128.5715988
42074,대구광역시 남구청,대구광역시 남구 안지랑로20길 49-2,다목적,35.8384182,128.5741244
42075,대구광역시 남구청,대구광역시 남구 관문시장1길 51,다목적,35.83567711,128.5597991
42076,대구광역시 남구청,대구광역시 남구 대명역6길 34-16,다목적,35.8329549,128.5636871
42077,대구광역시 남구청,대구광역시 남구 봉덕로5길 20,다목적,35.84614252,128.5933274
42078,대구광역시 남구청,대구광역시 남구 봉덕로6길 35-22(목련공원-1 (고정형)),다목적,35.8437275,128.5913943
42079,대구광역시 남구청,대구광역시 남구 봉덕동 봉덕로6길 35-32,다목적,35.84330215,128.5917453
42080,대구광역시 남구청,대구광역시 남구 중앙대로49길 81(대명공원-6),다목적,35.85528206,128.5859777
42081,대구광역시 남구청,대구광역시 남구 명덕로18길 113,다목적,35.85286007,128.5780217
42082,대구광역시 남구청,대구광역시 남구 계명7길 8,다목적,35.8527461,128.5773566
42083,대구광역시 남구청,대구광역시 남구 대명동 성명공원길 54,다목적,35.84776602,128.570822
42084,대구광역시 남구청,대구광역시 남구 명덕시장길 29(대명생태공원-2),다목적,35.84544296,128.5834364
42085,대구광역시 남구청,대구광역시 남구 대명로49길 86-26(대명제2공원-3),다목적,35.84578992,128.5825202
42086,대구광역시 남구청,대구광역시 남구 대명로36길 50(안지랑공원-6),다목적,35.83721093,128.5747089
42087,대구광역시 남구청,대구광역시 남구 안지랑로20길 61 (안지랑공원-7),다목적,35.83823867,128.574661
42088,대구광역시 남구청,대구광역시 남구 안지랑로18길 1-2(안지랑공원-8),다목적,35.83773637,128.5722664
42089,대구광역시 남구청,대구광역시 남구 대명역2길 71 (관문공원-6),다목적,35.8374576,128.5606861
42090,대구광역시 남구청,대구광역시 남구 관문시장4길 68(관문공원-7),다목적,35.83628254,128.5613973
42091,대구광역시 남구청,대구광역시 남구 골안길 132(백합공원-6),다목적,35.8327686,128.5630549
42092,대구광역시 남구청,대구광역시 남구 현충로40길 31 (대명소공원-1),다목적,35.84985331,128.5828489
42093,대구광역시 남구청,대구광역시 남구 현충로40길 31 (대명소공원-1),다목적,35.84985331,128.5828489
42094,대구광역시 남구청,대구광역시 남구 현충로40길 24-4(대명소공원-3),다목적,35.84973721,128.5826266
42095,대구광역시 남구청,대구광역시 남구 현충로40길 24-4(대명소공원-3),다목적,35.84973721,128.5826266
42096,대구광역시 남구청,대구광역시 남구 삼각지4길 17(대명소공원-5),다목적,35.85039846,128.583805
42097,대구광역시 남구청,대구광역시 남구 명덕시장길 29(대명생태공원-3),다목적,35.84544296,128.5834364
42098,대구광역시 남구청,대구광역시 남구 명덕시장길 29(대명생태공원-4),다목적,35.84544296,128.5834364
42099,대구광역시 남구청,대구광역시 남구 명덕시장길 29(대명생태공원-5),다목적,35.84544296,128.5834364
42100,대구광역시 남구청,대구광역시 남구 명덕시장길 29(대명생태공원-6),다목적,35.84544296,128.5834364
42101,대구광역시 남구청,대구광역시 남구 명덕시장길 29(대명제2공원-2),다목적,35.84526603,128.5839637
42102,대구광역시 남구청,대구광역시 남구 대명로20길 29,다목적,35.83788648,128.5679247
42103,대구광역시 남구청,대구광역시 남구 효서길 64,다목적,35.83814713,128.5952712
42104,대구광역시 남구청,대구광역시 남구 효서길 64,다목적,35.83814713,128.5952712
42105,대구광역시 남구청,대구광역시 남구 봉덕로5길 5(봉덕공원-4),다목적,35.84552265,128.5929132
42106,대구광역시 남구청,대구광역시 남구 명덕로18길 117,다목적,35.85277811,128.577895
42107,대구광역시 남구청,대구광역시 남구 대명동 성명공원길 38-2,다목적,35.84824902,128.5716844
42108,대구광역시 남구청,대구광역시 남구 대명로58길 24,다목적,35.84267227,128.5878662
42109,대구광역시 남구청,대구광역시 남구 대명로20길 29,다목적,35.83795408,128.5681835
42110,대구광역시 남구청,대구광역시 남구 대명동 자유3길 61,다목적,35.83848055,128.5815572
42111,대구광역시 남구청,대구광역시 남구 관문시장6길 20,다목적,35.83623333,128.5603565
42112,대구광역시 남구청,대구광역시 남구 중앙대로26길 39(봉덕공원-5),다목적,35.84589818,128.5935248
42113,대구광역시 남구청,대구광역시 남구 두류공원로12길 17-15,다목적,35.84384501,128.572346
42114,대구광역시 남구청,대구광역시 남구 봉덕2동 1094-6,생활방범,35.837669,128.605112
40302,대구광역시 남구청,대구광역시 남구 중앙대로52길 48,생활방범,35.85492248,128.5931162
40303,대구광역시 남구청,대구광역시 남구 명덕로48길 33,생활방범,35.85502608,128.5940359
40304,대구광역시 남구청,대구광역시 남구 양지남길 36,생활방범,35.85050208,128.575425
40305,대구광역시 남구청,대구광역시 남구 양지남길 36,생활방범,35.85050208,128.575425
40306,대구광역시 남구청,대구광역시 남구 대경1길 18,생활방범,35.84767965,128.5738104
40307,대구광역시 남구청,대구광역시 남구 대경길 148,생활방범,35.8450195,128.574068
40308,대구광역시 남구청,대구광역시 남구 중앙대로27길 39,생활방범,35.84328394,128.5899519
40309,대구광역시 남구청,대구광역시 남구 중앙대로31길 15-34,생활방범,35.84666814,128.588715
40310,대구광역시 남구청,대구광역시 남구 중앙대로31길 15-7,생활방범,35.84656325,128.589114
40311,대구광역시 남구청,대구광역시 남구 대명동 대명로15길 26-98,생활방범,35.84124786,128.5675731
40312,대구광역시 남구청,대구광역시 남구 두류공원로 41,생활방범,35.84145635,128.5727914
40313,대구광역시 남구청,대구광역시 남구 대경3길 20-1,생활방범,35.84586815,128.5737752
40314,대구광역시 남구청,대구광역시 남구 경상1길 21,생활방범,35.84693263,128.5735836
40315,대구광역시 남구청,대구광역시 남구 대경2길 6-1,생활방범,35.84679829,128.5734055
40316,대구광역시 남구청,대구광역시 남구 삼각지1길 35,생활방범,35.8492719,128.5856344
40317,대구광역시 남구청,대구광역시 남구 중앙대로40길 56,생활방범,35.8508517,128.5929326
40318,대구광역시 남구청,대구광역시 남구 중앙대로38길 29-62,생활방범,35.84956225,128.592578
40319,대구광역시 남구청,대구광역시 남구 대명동 중앙대로38길 29-17,생활방범,35.84910615,128.591855
40320,대구광역시 남구청,대구광역시 남구 대명동 중앙대로36길 20,생활방범,35.8484462,128.5916157
40321,대구광역시 남구청,대구광역시 남구 현충로40길 50,생활방범,35.84919063,128.5843835
40322,대구광역시 남구청,대구광역시 남구 중앙대로38길 2,생활방범,35.84912907,128.590831
40323,대구광역시 남구청,대구광역시 남구 중앙대로38길 2,생활방범,35.84912907,128.590831
40324,대구광역시 남구청,대구광역시 남구 대명동 중앙대로40길 48-2,생활방범,35.85035347,128.5929714
40325,대구광역시 남구청,대구광역시 남구 대명동 현충로40길 45 1,생활방범,35.84972276,128.5837446
40326,대구광역시 남구청,대구광역시 남구 용두1길 73,생활방범,35.83047755,128.6040503
40327,대구광역시 남구청,대구광역시 남구 효명길 145,생활방범,35.8337583,128.5933235
40328,대구광역시 남구청,대구광역시 남구 대명동 중앙대로47길 109,생활방범,35.85424305,128.5846414
42115,대구광역시 남구청,대구광역시 남구 봉덕2동 1094-6,생활방범,35.837669,128.605112
40329,대구광역시 남구청,대구광역시 남구 대명동 중앙대로31길 184,생활방범,35.85237203,128.5838748
40330,대구광역시 남구청,대구광역시 남구 대명동 현충로46길 5,생활방범,35.85187307,128.5826865
40331,대구광역시 남구청,대구광역시 남구 성당로58길 5,생활방범,35.85805822,128.5747933
40332,대구광역시 남구청,대구광역시 남구 대명동 양지로 31,생활방범,35.85120477,128.5754965
40333,대구광역시 남구청,대구광역시 남구 대명동 성당시장길 94,생활방범,35.84944279,128.5726496
40334,대구광역시 남구청,대구광역시 남구 대명동 두류공원로17길 39 1동,생활방범,35.84446254,128.5681039
40335,대구광역시 남구청,대구광역시 남구 대명동 두류공원로19길 43,생활방범,35.84462117,128.5668584
40336,대구광역시 남구청,대구광역시 남구 대명동 성당로 86-1,생활방범,35.84430371,128.5634576
40337,대구광역시 남구청,대구광역시 남구 대명동 대경5길 23,생활방범,35.84647964,128.5759494
40338,대구광역시 남구청,대구광역시 남구 대경5길 41-11,생활방범,35.84708563,128.575511
40339,대구광역시 남구청,대구광역시 남구 대명로14길 81,생활방범,35.83550871,128.564956
40340,대구광역시 남구청,대구광역시 남구 대명동 성당로 2,생활방범,35.83813245,128.5581961
40341,대구광역시 남구청,대구광역시 남구 대명로21길 24,생활방범,35.8406708,128.5692988
40342,대구광역시 남구청,대구광역시 남구 대명로25길 50,생활방범,35.84174167,128.5715536
40343,대구광역시 남구청,대구광역시 남구 양지남길 57,생활방범,35.85073936,128.5766888
40344,대구광역시 남구청,대구광역시 남구 대봉로28길 18-1,생활방범,35.85080058,128.6045106
40345,대구광역시 남구청,대구광역시 남구 이천로19길 32,생활방범,35.84999286,128.596622
40346,대구광역시 남구청,대구광역시 남구 봉덕로17길 11,생활방범,35.84535437,128.5995651
40347,대구광역시 남구청,대구광역시 남구 효성로 39,생활방범,35.83690471,128.5990005
40348,대구광역시 남구청,대구광역시 남구 봉덕동 봉덕로6길 9-1,생활방범,35.84465626,128.5931392
40349,대구광역시 남구청,대구광역시 남구 봉덕동 중앙대로22길 162,생활방범,35.84226496,128.5994567
40350,대구광역시 남구청,대구광역시 남구 봉덕동 대덕로29길 20-2,생활방범,35.84191536,128.5987532
40351,대구광역시 남구청,대구광역시 남구 봉덕남로 142,생활방범,35.84127873,128.5962799
40352,대구광역시 남구청,대구광역시 남구 이천로 5,생활방범,35.84151508,128.5976875
40353,대구광역시 남구청,대구광역시 남구 명덕로28길 56,생활방범,35.85390622,128.5853254
40354,대구광역시 남구청,대구광역시 남구 대경1길 57-22,생활방범,35.84916047,128.5751385
40355,대구광역시 남구청,대구광역시 남구 안지랑로 10,생활방범,35.83240338,128.5716636
40356,대구광역시 남구청,대구광역시 남구 대명동 대명남로 93-2,생활방범,35.83501006,128.5685763
40357,대구광역시 남구청,대구광역시 남구 대명동 대명복개로1길 43,생활방범,35.84144666,128.5609558
40358,대구광역시 남구청,대구광역시 남구 대명동 도촌길 78,생활방범,35.84078237,128.5685855
40359,대구광역시 남구청,대구광역시 남구 대명동 대명로 125,생활방범,35.83958762,128.571527
40360,대구광역시 남구청,대구광역시 남구 중앙대로 215,생활방범,35.85253007,128.590253
40058,대구광역시 남구청,대구광역시 남구 대명로14길 131-21,생활방범,35.83321173,128.5665668
40059,대구광역시 남구청,대구광역시 남구 관문시장1길 16-2,생활방범,35.83706085,128.5587905
40060,대구광역시 남구청,대구광역시 남구 이천로27길 18-1,생활방범,35.85243406,128.5976187
40061,대구광역시 남구청,대구광역시 남구 중앙대로34길 27,생활방범,35.84777939,128.5922215
40062,대구광역시 남구청,대구광역시 남구 고산4길 2,생활방범,35.83260623,128.6038299
40063,대구광역시 남구청,대구광역시 남구 성당로 136-18,생활방범,35.84649379,128.5681688
40064,대구광역시 남구청,대구광역시 남구 대명로10길 14,생활방범,35.83754465,128.5632658
40065,대구광역시 남구청,대구광역시 남구 대명동 성당로60길 80,생활방범,35.85694633,128.5784633
40066,대구광역시 남구청,대구광역시 남구 대덕초등길 51,생활방범,35.8308568,128.5603638
40067,대구광역시 남구청,대구광역시 남구 고산3길 83,생활방범,35.82955547,128.6028881
40068,대구광역시 남구청,대구광역시 남구 대명동 장전4길 12,생활방범,35.84237949,128.5757647
40069,대구광역시 남구청,대구광역시 남구 대명동 중앙대로31길 85,생활방범,35.84899506,128.5869498
40070,대구광역시 남구청,대구광역시 남구 이천로25길 26-1,생활방범,35.85199587,128.5962053
40071,대구광역시 남구청,대구광역시 남구 중앙대로36길 9-40,생활방범,35.84890879,128.5916653
40072,대구광역시 남구청,대구광역시 남구 봉덕로21길 53-29,생활방범,35.846943,128.600234
40073,대구광역시 남구청,대구광역시 남구 명덕로48길 64-2,생활방범,35.853757,128.593202
40074,대구광역시 남구청,대구광역시 남구 큰골9길 12,생활방범,35.834467,128.583655
40361,대구광역시 남구청,대구광역시 남구 현충로36길 12,생활방범,35.84863454,128.5814007
40362,대구광역시 남구청,대구광역시 남구 대명동 안지랑로 26,생활방범,35.83367495,128.5715177
40363,대구광역시 남구청,대구광역시 남구 현충로 39,생활방범,35.83648554,128.5793527
40364,대구광역시 남구청,대구광역시 남구 대명동 569-2 북편,생활방범,35.83214137,128.5699018
40365,대구광역시 남구청,대구광역시 남구 대명동 569-2 북편,생활방범,35.83214137,128.5699018
40366,대구광역시 남구청,대구광역시 남구 대명동 575-1 남편,생활방범,35.83281634,128.5701169
40367,대구광역시 남구청,대구광역시 남구 대명동 575-1 남편,생활방범,35.83281634,128.5701169
40368,대구광역시 남구청,대구광역시 남구 대명동 580-5 남편,생활방범,35.83347914,128.5671996
40369,대구광역시 남구청,대구광역시 남구 대명동 580-5 남편,생활방범,35.83347914,128.5671996
40370,대구광역시 남구청,대구광역시 남구 대명동 580-5 남편,생활방범,35.83347914,128.5671996
40371,대구광역시 남구청,대구광역시 남구 대명동 580-5 남편,생활방범,35.83347914,128.5671996
40372,대구광역시 남구청,대구광역시 남구 대명동 583-2,생활방범,35.83231027,128.5684973
40373,대구광역시 남구청,대구광역시 남구 대명동 584-19,생활방범,35.83219924,128.5672015
40374,대구광역시 남구청,대구광역시 남구 앞산순환로 367,생활방범,35.83259978,128.5661358
40375,대구광역시 남구청,대구광역시 남구 앞산순환로 367,생활방범,35.83259978,128.5661358
40376,대구광역시 남구청,대구광역시 남구 앞산순환로 367,생활방범,35.83259978,128.5661358
40377,대구광역시 남구청,대구광역시 남구 대명동 590-2,생활방범,35.83345286,128.5651296
40378,대구광역시 남구청,대구광역시 남구 대명동 595-1 남편,생활방범,35.83437224,128.565125
40379,대구광역시 남구청,대구광역시 남구 대명동 595-1 남편,생활방범,35.83437224,128.565125
40380,대구광역시 남구청,대구광역시 남구 대명동 595-1 남편,생활방범,35.83437224,128.565125
40381,대구광역시 남구청,대구광역시 남구 대명동 595-1 남편,생활방범,35.83437224,128.565125
40382,대구광역시 남구청,대구광역시 남구 대명동 대명남로 64,생활방범,35.83474213,128.5650502
40383,대구광역시 남구청,대구광역시 남구 대명동 대명남로 64,생활방범,35.83474213,128.5650502
40384,대구광역시 남구청,대구광역시 남구 대명동 597-4 남편,생활방범,35.83472785,128.566168
40385,대구광역시 남구청,대구광역시 남구 대명동 597-4 남편,생활방범,35.83472785,128.566168
40386,대구광역시 남구청,대구광역시 남구 대명동 601-5 남편,생활방범,35.83416428,128.5671713
40387,대구광역시 남구청,대구광역시 남구 대명동 601-5 남편,생활방범,35.83416428,128.5671713
40388,대구광역시 남구청,대구광역시 남구 대명동 608-16 동편,생활방범,35.83474496,128.570164
40389,대구광역시 남구청,대구광역시 남구 대명동 608-16 동편,생활방범,35.83474496,128.570164
40390,대구광역시 남구청,대구광역시 남구 대명동 610-5 남편,생활방범,35.83413844,128.5688203
40391,대구광역시 남구청,대구광역시 남구 대명동 610-5 남편,생활방범,35.83413844,128.5688203
40392,대구광역시 남구청,대구광역시 남구 대명동 610-5 남편,생활방범,35.83413844,128.5688203
40075,대구광역시 남구청,대구광역시 남구 두류공원로15길 15,생활방범,35.84291056,128.5702558
40076,대구광역시 남구청,대구광역시 남구 대명서안길 30-1,생활방범,35.83385856,128.5574065
40077,대구광역시 남구청,대구광역시 남구 명덕로42길 55-13 (1),생활방범,35.85397847,128.5926331
40078,대구광역시 남구청,대구광역시 남구 명덕로42길 55-13 (1),생활방범,35.85397847,128.5926331
40079,대구광역시 남구청,대구광역시 남구 봉덕동 중앙대로32길 13,생활방범,35.84724513,128.5913828
40080,대구광역시 남구청,대구광역시 남구 봉덕로1길 139,생활방범,35.85099213,128.5932308
40081,대구광역시 남구청,대구광역시 남구 대명동 중앙대로31길 14-2,생활방범,35.8471429,128.5896927
40082,대구광역시 남구청,대구광역시 남구 중앙대로47길 7,생활방범,35.85404544,128.5900207
40083,대구광역시 남구청,대구광역시 남구 명덕로40길 105,생활방범,35.852121,128.590068
40084,대구광역시 남구청,대구광역시 남구 대명동 중앙대로49길 25,생활방범,35.85533448,128.5889667
40085,대구광역시 남구청,대구광역시 남구 영선시장1길 16-2,생활방범,35.85089593,128.5912953
40086,대구광역시 남구청,대구광역시 남구 대명동 중앙대로31길 36,생활방범,35.84718569,128.5883203
40087,대구광역시 남구청,대구광역시 남구 앞산순환로75길 14,생활방범,35.8328574,128.5671619
40088,대구광역시 남구청,대구광역시 남구 현충로5길 7-26,생활방범,35.833029,128.578877
40089,대구광역시 남구청,대구광역시 남구 앞산순환로95길 5,생활방범,35.832583,128.576579
40090,대구광역시 남구청,대구광역시 남구 앞산순환로 477,생활방범,35.83225727,128.5771649
40091,대구광역시 남구청,대구광역시 남구 앞산순환로 477,생활방범,35.83309107,128.576749
40092,대구광역시 남구청,대구광역시 남구 대명동 산218-15,생활방범,35.83087048,128.5717964
40093,대구광역시 남구청,대구광역시 남구 대명동 산218-15,생활방범,35.83087048,128.5717964
40094,대구광역시 남구청,대구광역시 남구 대명동 산218-15,생활방범,35.83087048,128.5717964
40095,대구광역시 남구청,대구광역시 남구 명덕로50길 31,생활방범,35.85513413,128.5940588
40001,대구광역시 남구청,대구광역시 남구 이천로6길 20,생활방범,35.84291303,128.5993142
40002,대구광역시 남구청,대구광역시 남구 봉덕동 봉덕로10길 40,생활방범,35.84316623,128.5955302
40003,대구광역시 남구청,대구광역시 남구 현충로19길 25,생활방범,35.84135687,128.5784915
40004,대구광역시 남구청,대구광역시 남구 중앙대로49길 25,생활방범,35.85528511,128.5890335
40005,대구광역시 남구청,대구광역시 남구 대명동 성당로60길 31,생활방범,35.8581505,128.5762222
40006,대구광역시 남구청,대구광역시 남구 대명동 대경5길 65,생활방범,35.84833668,128.5758854
40007,대구광역시 남구청,대구광역시 남구 대명동 현충로32길 51,생활방범,35.84534395,128.5815538
40008,대구광역시 남구청,대구광역시 남구 이천동 대봉로34길 54,생활방범,35.85401191,128.6039926
40009,대구광역시 남구청,대구광역시 남구 이천로27길 18-1,생활방범,35.85243406,128.5976187
40010,대구광역시 남구청,대구광역시 남구 이천동 명덕로 248,생활방범,35.85595692,128.5971651
40011,대구광역시 남구청,대구광역시 남구 봉덕동 중앙대로34길 87,생활방범,35.8479882,128.5955553
40393,대구광역시 남구청,대구광역시 남구 대명동 610-5 남편,생활방범,35.83413844,128.5688203
40394,대구광역시 남구청,대구광역시 남구 대명동 612-23 남편,생활방범,35.83419412,128.5703814
40395,대구광역시 남구청,대구광역시 남구 대명동 612-23 남편,생활방범,35.83419412,128.5703814
40396,대구광역시 남구청,대구광역시 남구 대명동 937-2 북편,생활방범,35.8350465,128.5711955
40397,대구광역시 남구청,대구광역시 남구 대명동 937-2 북편,생활방범,35.8350465,128.5711955
40398,대구광역시 남구청,대구광역시 남구 대명동 932-8 남편,생활방범,35.84569559,128.5925713
40399,대구광역시 남구청,대구광역시 남구 대명동 948-20 북편,생활방범,35.83665988,128.5711961
40400,대구광역시 남구청,대구광역시 남구 대명동 948-20 북편,생활방범,35.83665988,128.5711961
40401,대구광역시 남구청,대구광역시 남구 대명동 1018-13 남편,생활방범,35.83553246,128.5694612
40402,대구광역시 남구청,대구광역시 남구 대명동 1018-13 남편,생활방범,35.83553246,128.5694612
40403,대구광역시 남구청,대구광역시 남구 대명동 1058-1 식별-동,생활방범,35.83895917,128.5653015
40404,대구광역시 남구청,대구광역시 남구 대명동 1058-1 식별-동,생활방범,35.83895917,128.5653015
40405,대구광역시 남구청,대구광역시 남구 대명동 1080-1 남편,생활방범,35.83557533,128.5661187
40406,대구광역시 남구청,대구광역시 남구 대명동 1080-1 남편,생활방범,35.83557533,128.5661187
40407,대구광역시 남구청,대구광역시 남구 대명동 1080-1 남편,생활방범,35.83557533,128.5661187
40408,대구광역시 남구청,대구광역시 남구 대명동 1080-1 남편,생활방범,35.83557533,128.5661187
40409,대구광역시 남구청,대구광역시 남구 대명동 1093-3 남편,생활방범,35.83771564,128.5652374
40410,대구광역시 남구청,대구광역시 남구 대명동 1093-3 남편,생활방범,35.83771564,128.5652374
40411,대구광역시 남구청,대구광역시 남구 대명동 1458-6 식별,생활방범,35.83502357,128.5646205
40412,대구광역시 남구청,대구광역시 남구 대명동 1458-6 식별,생활방범,35.83502357,128.5646205
40413,대구광역시 남구청,대구광역시 남구 대명동 913-1,생활방범,35.83886373,128.5721196
40414,대구광역시 남구청,대구광역시 남구 대명동 936 남서편,생활방범,35.83585583,128.5715888
40415,대구광역시 남구청,대구광역시 남구 대명동 936 남서편,생활방범,35.83585583,128.5715888
40416,대구광역시 남구청,대구광역시 남구 대명동 936-3 동편,생활방범,35.83545883,128.5716745
40417,대구광역시 남구청,대구광역시 남구 대명동 936-3 동편,생활방범,35.83545883,128.5716745
40418,대구광역시 남구청,대구광역시 남구 대명동 1058-1 식별-동,생활방범,35.83895917,128.5653015
40419,대구광역시 남구청,대구광역시 남구 명덕로66길 3-2,생활방범,35.85479779,128.6054379
40420,대구광역시 남구청,대구광역시 남구 명덕로66길 16-1,생활방범,35.85426519,128.6055999
40421,대구광역시 남구청,대구광역시 남구 희망로1길 17,생활방범,35.84862855,128.5990916
40422,대구광역시 남구청,대구광역시 남구 희망로1길 21,생활방범,35.8488171,128.599237
40423,대구광역시 남구청,대구광역시 남구 영선시장1길 67(남편),생활방범,35.85337297,128.5911339
40424,대구광역시 남구청,대구광역시 남구 영선시장1길 67(남편),생활방범,35.85337297,128.5911339
40012,대구광역시 남구청,대구광역시 남구 봉덕로1길 24,생활방범,35.84647639,128.5914258
40013,대구광역시 남구청,대구광역시 남구 봉덕로21길 32-2,생활방범,35.84621135,128.6012211
40014,대구광역시 남구청,대구광역시 남구 봉덕동 봉덕로22길 20-17,생활방범,35.84300242,128.6012632
40015,대구광역시 남구청,대구광역시 남구 대덕로40길 61-1,생활방범,35.83827913,128.6049135
40016,대구광역시 남구청,대구광역시 남구 고산1길 19,생활방범,35.83311819,128.6023949
40017,대구광역시 남구청,대구광역시 남구 이천로1길 60,생활방범,35.84220685,128.5945157
40018,대구광역시 남구청,대구광역시 남구 중앙대로22길 13,생활방범,35.84298855,128.5913666
40019,대구광역시 남구청,대구광역시 남구 큰골길 148,생활방범,35.83560762,128.5838181
40020,대구광역시 남구청,대구광역시 남구 대명동 장전5길 2-2,생활방범,35.84156396,128.5766665
40021,대구광역시 남구청,대구광역시 남구 장전1길 3,생활방범,35.84300353,128.5725203
40022,대구광역시 남구청,대구광역시 남구 장전3길 148,생활방범,35.84298118,128.5780938
40023,대구광역시 남구청,대구광역시 남구 현충로19길 10,생활방범,35.84157829,128.5793012
40024,대구광역시 남구청,대구광역시 남구 현충로25길 31,생활방범,35.8439541,128.5782005
40025,대구광역시 남구청,대구광역시 남구 현충로40길 77,생활방범,35.85000346,128.5853298
40026,대구광역시 남구청,대구광역시 남구 대명동 영선시장2길 15,생활방범,35.85069974,128.5922068
40027,대구광역시 남구청,대구광역시 남구 명덕로42길 8,생활방범,35.85643425,128.5917878
40028,대구광역시 남구청,대구광역시 남구 현충로37길 7-2,생활방범,35.84928089,128.580077
40029,대구광역시 남구청,대구광역시 남구 대명동 현충로39길 32,생활방범,35.85067215,128.5794118
40030,대구광역시 남구청,대구광역시 남구 봉덕로1길 24,생활방범,35.84647639,128.5914258
40031,대구광역시 남구청,대구광역시 남구 양지로8길 20,생활방범,35.85004142,128.577503
40032,대구광역시 남구청,대구광역시 남구 대경길 28,생활방범,35.84896447,128.572779
40033,대구광역시 남구청,대구광역시 남구 경상길 20,생활방범,35.84690342,128.5740373
40034,대구광역시 남구청,대구광역시 남구 명덕시장길 84,생활방범,35.84519704,128.5876524
40035,대구광역시 남구청,대구광역시 남구 대명로54길 9,생활방범,35.84277879,128.5863615
40036,대구광역시 남구청,대구광역시 남구 현충로19길 10,생활방범,35.84157829,128.5793012
40037,대구광역시 남구청,대구광역시 남구 안지랑로5길 31,생활방범,35.83283282,128.5685453
40038,대구광역시 남구청,대구광역시 남구 대명로20길 85,생활방범,35.83552168,128.5679336
40039,대구광역시 남구청,대구광역시 남구 안지랑로19길 53,생활방범,35.83750212,128.5665531
40040,대구광역시 남구청,대구광역시 남구 현충로18길 41,생활방범,35.84026665,128.5821365
40041,대구광역시 남구청,대구광역시 남구 자유3길 54,생활방범,35.83876234,128.5819484
40042,대구광역시 남구청,대구광역시 남구 자유3길 54,생활방범,35.83876234,128.5819484
40043,대구광역시 남구청,대구광역시 남구 자유길 82,생활방범,35.83870809,128.5849759
40425,대구광역시 남구청,대구광역시 남구 영선시장1길 67(남편),생활방범,35.85337297,128.5911339
40426,대구광역시 남구청,대구광역시 남구 자유1길 26(남편),생활방범,35.83993648,128.5833075
40427,대구광역시 남구청,대구광역시 남구 자유1길 26(남편),생활방범,35.83993648,128.5833075
40428,대구광역시 남구청,대구광역시 남구 자유1길 26(남편),생활방범,35.83993648,128.5833075
40429,대구광역시 남구청,대구광역시 남구 자유1길 26(남편),생활방범,35.83993648,128.5833075
40430,대구광역시 남구청,대구광역시 남구 대명로 105(북편),생활방범,35.8397432,128.5691372
40431,대구광역시 남구청,대구광역시 남구 대명로 105(북편),생활방범,35.8397432,128.5691372
40432,대구광역시 남구청,대구광역시 남구 관문시장1길 27(남편),생활방범,35.83655406,128.5592297
40433,대구광역시 남구청,대구광역시 남구 관문시장1길 27(남편),생활방범,35.83655406,128.5592297
40434,대구광역시 남구청,대구광역시 남구 관문시장1길 27(남편),생활방범,35.83655406,128.5592297
40435,대구광역시 남구청,대구광역시 남구 관문시장1길 27(남편),생활방범,35.83655406,128.5592297
40436,대구광역시 남구청,대구광역시 남구 중앙대로21길 15-10,생활방범,35.84206107,128.5893561
40437,대구광역시 남구청,대구광역시 남구 중앙대로 105,생활방범,35.84262475,128.5902016
40438,대구광역시 남구청,대구광역시 남구 중앙대로 93,생활방범,35.84166943,128.5901834
40439,대구광역시 남구청,대구광역시 남구 대덕북길 18(동편),생활방범,35.84150243,128.5893187
40440,대구광역시 남구청,대구광역시 남구 대덕북길 18(동편),생활방범,35.84150243,128.5893187
40441,대구광역시 남구청,대구광역시 남구 대명로58길 37(동편),생활방범,35.84224562,128.5884829
40442,대구광역시 남구청,대구광역시 남구 대명로58길 37(동편),생활방범,35.84224562,128.5884829
40443,대구광역시 남구청,대구광역시 남구 이천로 152,생활방범,35.8547951,128.5987949
40444,대구광역시 남구청,대구광역시 남구 대봉로 90-1(남편),생활방범,35.84677282,128.6042807
40445,대구광역시 남구청,대구광역시 남구 대봉로 90-1(남편),생활방범,35.84677282,128.6042807
40446,대구광역시 남구청,대구광역시 남구 봉덕로21길 51(남편),생활방범,35.84699914,128.6004964
40447,대구광역시 남구청,대구광역시 남구 봉덕로21길 51(남편),생활방범,35.84699914,128.6004964
40448,대구광역시 남구청,대구광역시 남구 대덕로38길 30(서편),생활방범,35.83962191,128.6031637
40449,대구광역시 남구청,대구광역시 남구 대덕로38길 30(서편),생활방범,35.83962191,128.6031637
40450,대구광역시 남구청,대구광역시 남구 신촌길 47(북편),생활방범,35.83827876,128.6014046
40451,대구광역시 남구청,대구광역시 남구 신촌길 47(북편),생활방범,35.83827876,128.6014046
40452,대구광역시 남구청,대구광역시 남구 삼정길 87(남편),생활방범,35.83963595,128.5931239
40453,대구광역시 남구청,대구광역시 남구 삼정길 87(남편),생활방범,35.83963595,128.5931239
40454,대구광역시 남구청,대구광역시 남구 삼정길 64(남편),생활방범,35.84006204,128.5944443
40455,대구광역시 남구청,대구광역시 남구 삼정길 64(남편),생활방범,35.84006204,128.5944443
40456,대구광역시 남구청,대구광역시 남구 영선시장1길 42(남편),생활방범,35.84533852,128.5863693
40044,대구광역시 남구청,대구광역시 남구 앞산순환로95길 42,생활방범,35.83416924,128.5767047
40045,대구광역시 남구청,대구광역시 남구 앞산순환로87길 56,생활방범,35.83287409,128.573128
40046,대구광역시 남구청,대구광역시 남구 안골1길 19,생활방범,35.83760977,128.5761176
40047,대구광역시 남구청,대구광역시 남구 대명동 대명복개로4길 59-2,생활방범,35.83977598,128.5633081
40048,대구광역시 남구청,대구광역시 남구 대명로15길 13,생활방범,35.84069559,128.565967
40049,대구광역시 남구청,대구광역시 남구 관문시장1길 75,생활방범,35.83476338,128.5605232
40050,대구광역시 남구청,대구광역시 남구 관문시장1길 16-2,생활방범,35.83706085,128.5587905
40051,대구광역시 남구청,대구광역시 남구 삼정4길 22,생활방범,35.83878725,128.5934164
40052,대구광역시 남구청,대구광역시 남구 명덕로26길 23,생활방범,35.85528051,128.5844498
40053,대구광역시 남구청,대구광역시 남구 삼각지5길 25,생활방범,35.85095256,128.5829234
40054,대구광역시 남구청,대구광역시 남구 성당로30길 46-2,생활방범,35.84579206,128.5703216
40055,대구광역시 남구청,대구광역시 남구 대명로57길 7,생활방범,35.84411076,128.5867698
40056,대구광역시 남구청,대구광역시 남구 자유1길 97-1,생활방범,35.836835,128.583495
40057,대구광역시 남구청,대구광역시 남구 대명로14길 131-5,생활방범,35.83311257,128.565338
40238,대구광역시 남구청,대구광역시 남구 대명로54길 9,생활방범,35.84277879,128.5863615
40239,대구광역시 남구청,대구광역시 남구 대명동 현충로24길 8 명가하이츠A동,생활방범,35.84277977,128.5806052
40240,대구광역시 남구청,대구광역시 남구 안지랑로5길 31,생활방범,35.83283282,128.5685453
40241,대구광역시 남구청,대구광역시 남구 대명동 대명로20길 85,생활방범,35.83534923,128.568187
40242,대구광역시 남구청,대구광역시 남구 안지랑로19길 53,생활방범,35.83750212,128.5665531
40243,대구광역시 남구청,대구광역시 남구 자유1길 97-1,생활방범,35.836835,128.583495
40244,대구광역시 남구청,대구광역시 남구 고산4길 2,생활방범,35.83260623,128.6038299
40245,대구광역시 남구청,대구광역시 남구 대명동 영선시장2길 15,생활방범,35.85069974,128.5922068
40246,대구광역시 남구청,대구광역시 남구 경상길 20,생활방범,35.84690342,128.5740373
40247,대구광역시 남구청,대구광역시 남구 대명로10길 14,생활방범,35.83754465,128.5632658
40248,대구광역시 남구청,대구광역시 남구 대명동 대명남로 1,생활방범,35.83308539,128.5589175
40249,대구광역시 남구청,대구광역시 남구 대명동 봉덕로1길 105,생활방범,35.84965014,128.5930325
40250,대구광역시 남구청,대구광역시 남구 대명동 장전1길 206,생활방범,35.84296618,128.5793335
40251,대구광역시 남구청,대구광역시 남구 계명6길 18,생활방범,35.85355449,128.5779382
40252,대구광역시 남구청,대구광역시 남구 현충서길 98,생활방범,35.84821934,128.5796596
40253,대구광역시 남구청,대구광역시 남구 명덕시장길 55,생활방범,35.84532174,128.5861146
40254,대구광역시 남구청,대구광역시 남구 안지랑로17길 69-2,생활방범,35.83699378,128.5673132
40255,대구광역시 남구청,대구광역시 남구 대명동 대명로20길 61,생활방범,35.83645613,128.5681663
40457,대구광역시 남구청,대구광역시 남구 영선시장1길 42(남편),생활방범,35.84533852,128.5863693
40458,대구광역시 남구청,대구광역시 남구 중앙대로42길 6(동편),생활방범,35.85150714,128.5911532
40459,대구광역시 남구청,대구광역시 남구 중앙대로42길 6(동편),생활방범,35.85150714,128.5911532
40460,대구광역시 남구청,대구광역시 남구 중앙대로42길 6(동편),생활방범,35.85150714,128.5911532
40461,대구광역시 남구청,대구광역시 남구 중앙대로52길 5-2(서편),생활방범,35.85544573,128.5911936
41110,대구광역시 남구청,대구광역시 남구 현충로6길 17-2,어린이보호,35.83460979,128.5807251
41111,대구광역시 남구청,대구광역시 남구 큰골4길 12,어린이보호,35.83583069,128.5815931
41112,대구광역시 남구청,대구광역시 남구 자유1길 81,어린이보호,35.83748377,128.583533
41113,대구광역시 남구청,대구광역시 남구 대명서로 28,어린이보호,35.8304316,128.561677
41114,대구광역시 남구청,대구광역시 남구 현충로50길 49,어린이보호,35.85375095,128.5857449
41115,대구광역시 남구청,대구광역시 남구 현충로48길 29,어린이보호,35.85279008,128.5850182
41116,대구광역시 남구청,대구광역시 남구 대경길 293,어린이보호,35.84953587,128.5762065
41117,대구광역시 남구청,대구광역시 남구 골안길 23,어린이보호,35.837353,128.562005
41118,대구광역시 남구청,대구광역시 남구 대명복개로 197,어린이보호,35.842204,128.569297
41119,대구광역시 남구청,대구광역시 남구 매자안길 18,어린이보호,35.83217934,128.5587934
41120,대구광역시 남구청,대구광역시 남구 명덕로34길 56,어린이보호,35.85405892,128.5872751
41121,대구광역시 남구청,대구광역시 남구 두류공원로18길 21,어린이보호,35.84495883,128.5711574
41122,대구광역시 남구청,대구광역시 남구 앞산순환로93길 33,어린이보호,35.8329149,128.5730557
41123,대구광역시 남구청,대구광역시 남구 큰골길 134,어린이보호,35.83593605,128.5833438
41124,대구광역시 남구청,대구광역시 남구 두류공원로 64,어린이보호,35.84301376,128.5712971
41125,대구광역시 남구청,대구광역시 남구 희망로3길 25,어린이보호,35.84890635,128.5994148
41126,대구광역시 남구청,대구광역시 남구 희망로5길 9,어린이보호,35.8482965,128.6006058
41127,대구광역시 남구청,대구광역시 남구 효서길 25,어린이보호,35.83791302,128.5975488
41128,대구광역시 남구청,대구광역시 남구 봉덕초등길 48,어린이보호,35.83908925,128.5961306
41129,대구광역시 남구청,대구광역시 남구 효동길 22-2,어린이보호,35.83933269,128.5997353
41130,대구광역시 남구청,대구광역시 남구 영선길 95,어린이보호,35.85335457,128.5948537
41131,대구광역시 남구청,대구광역시 남구 영선길 95,어린이보호,35.85335457,128.5948537
41132,대구광역시 남구청,대구광역시 남구 대명동 중앙대로48길 60-1,어린이보호,35.85233913,128.5942372
41133,대구광역시 남구청,대구광역시 남구 영선길 75,어린이보호,35.85333198,128.5939568
41134,대구광역시 남구청,대구광역시 남구 이천로28길 27-1,어린이보호,35.85418758,128.5995211
41135,대구광역시 남구청,대구광역시 남구 현충로19길 32,어린이보호,35.84158401,128.5781168
41136,대구광역시 남구청,대구광역시 남구 장전3길 158-2,어린이보호,35.84346777,128.5781194
40256,대구광역시 남구청,대구광역시 남구 대명로20길 66-4,생활방범,35.83650556,128.5676307
40257,대구광역시 남구청,대구광역시 남구 안지랑로17길 69-6,생활방범,35.83684963,128.5673011
40258,대구광역시 남구청,대구광역시 남구 대명로20길 65,생활방범,35.83633159,128.5682051
40259,대구광역시 남구청,대구광역시 남구 대명로20길 65,생활방범,35.83633159,128.5682051
40260,대구광역시 남구청,대구광역시 남구 대명복개로 96,생활방범,35.84073114,128.5641629
40261,대구광역시 남구청,대구광역시 남구 대명복개로7길 15,생활방범,35.84090185,128.5623598
40262,대구광역시 남구청,대구광역시 남구 성당로 196,생활방범,35.85017136,128.5729649
40263,대구광역시 남구청,대구광역시 남구 성당로 196,생활방범,35.85017136,128.5729649
40264,대구광역시 남구청,대구광역시 남구 봉덕로1길 119,생활방범,35.85015415,128.5931802
40265,대구광역시 남구청,대구광역시 남구 봉덕로1길 119,생활방범,35.85015415,128.5931802
40266,대구광역시 남구청,대구광역시 남구 성당로62길 20,생활방범,35.85880263,128.5755627
40267,대구광역시 남구청,대구광역시 남구 성당로62길 20,생활방범,35.85880263,128.5755627
40268,대구광역시 남구청,대구광역시 남구 명덕로16길 42,생활방범,35.85650509,128.5772621
40269,대구광역시 남구청,대구광역시 남구 계명중앙1길 42,생활방범,35.8558959,128.582085
40270,대구광역시 남구청,대구광역시 남구 계명3길 17,생활방범,35.85535548,128.5782834
40271,대구광역시 남구청,대구광역시 남구 양지북길 132,생활방범,35.85239599,128.5807972
40272,대구광역시 남구청,대구광역시 남구 양지북길 132,생활방범,35.85239599,128.5807972
40273,대구광역시 남구청,대구광역시 남구 양지북길 170,생활방범,35.85333418,128.5824869
40274,대구광역시 남구청,대구광역시 남구 양지북길 170,생활방범,35.85333418,128.5824869
40275,대구광역시 남구청,대구광역시 남구 대명동 명덕로18길 12,생활방범,35.85752535,128.5787643
40276,대구광역시 남구청,대구광역시 남구 계명4길 1,생활방범,35.854535,128.5770637
40277,대구광역시 남구청,대구광역시 남구 대명동 양지북길 34,생활방범,35.85148401,128.5755318
40278,대구광역시 남구청,대구광역시 남구 명덕로18길 136,생활방범,35.85194208,128.5777382
40279,대구광역시 남구청,대구광역시 남구 명덕로20길 78,생활방범,35.8540543,128.5789604
40280,대구광역시 남구청,대구광역시 남구 양지남길 143,생활방범,35.8515469,128.5811785
40281,대구광역시 남구청,대구광역시 남구 양지로14길 12,생활방범,35.85110993,128.5802121
40282,대구광역시 남구청,대구광역시 남구 양지남길 83,생활방범,35.85070571,128.5780614
40283,대구광역시 남구청,대구광역시 남구 현충로39길 12,생활방범,35.85064807,128.5806626
40284,대구광역시 남구청,대구광역시 남구 현충서길 124,생활방범,35.84936372,128.5797233
40285,대구광역시 남구청,대구광역시 남구 현충서길 80,생활방범,35.84748248,128.5792003
40286,대구광역시 남구청,대구광역시 남구 중앙대로41길 57-1,생활방범,35.85037904,128.5877793
40287,대구광역시 남구청,대구광역시 남구 중앙대로41길 43-3,생활방범,35.85027621,128.5885313
41137,대구광역시 남구청,대구광역시 남구 장전1길 25,어린이보호,35.84229074,128.5735944
41138,대구광역시 남구청,대구광역시 남구 중앙대로40길 30-2,어린이보호,35.84720446,128.5900031
41139,대구광역시 남구청,대구광역시 남구 중앙대로38길 13-1,어린이보호,35.8492987,128.5911922
41140,대구광역시 남구청,대구광역시 남구 중앙대로47길 49,어린이보호,35.8540927,128.5877403
41141,대구광역시 남구청,대구광역시 남구 명덕로34길 69,어린이보호,35.85341792,128.5874918
41142,대구광역시 남구청,대구광역시 남구 명덕로32길 43,어린이보호,35.85462815,128.5869914
41143,대구광역시 남구청,대구광역시 남구 명덕로8길 45-13,어린이보호,35.85738589,128.5759067
41144,대구광역시 남구청,대구광역시 남구 명덕로8길 117-1,어린이보호,35.85424505,128.5749096
41145,대구광역시 남구청,대구광역시 남구 명덕로12길 117,어린이보호,35.85255707,128.5760269
41146,대구광역시 남구청,대구광역시 남구 대경길 120,어린이보호,35.84515336,128.5724638
41147,대구광역시 남구청,대구광역시 남구 두류공원로16길 17-53,어린이보호,35.84421407,128.5709736
41148,대구광역시 남구청,대구광역시 남구 성당로34길 41,어린이보호,35.84721454,128.5711723
41149,대구광역시 남구청,대구광역시 남구 성당로30길 22,어린이보호,35.84658216,128.5695847
41150,대구광역시 남구청,대구광역시 남구 현충로26길 36,어린이보호,35.84385413,128.5820964
41151,대구광역시 남구청,대구광역시 남구 현충동길 46,어린이보호,35.84358026,128.5809542
41152,대구광역시 남구청,대구광역시 남구 현충로32길 31,어린이보호,35.84611901,128.5815705
41153,대구광역시 남구청,대구광역시 남구 대명로22길 51,어린이보호,35.83702751,128.5697044
41154,대구광역시 남구청,대구광역시 남구 앞산순환로 471,어린이보호,35.83233103,128.5761787
41155,대구광역시 남구청,대구광역시 남구 앞산순환로 471(서쪽),어린이보호,35.83239035,128.5762679
41156,대구광역시 남구청,대구광역시 남구 두류공원로13길 28-2,어린이보호,35.84273567,128.5691254
41157,대구광역시 남구청,대구광역시 남구 대명동 두류공원로13길 41,어린이보호,35.84227036,128.5684136
41158,대구광역시 남구청,대구광역시 남구 대명동 대명로6길 51,어린이보호,35.83551061,128.5619739
41159,대구광역시 남구청,대구광역시 남구 대명서4길 35,어린이보호,35.83288537,128.5612183
41160,대구광역시 남구청,대구광역시 남구 대명서로 69-1,어린이보호,35.83136856,128.5599893
41161,대구광역시 남구청,대구광역시 남구 골안길 157,어린이보호,35.83147828,128.5633557
41162,대구광역시 남구청,대구광역시 남구 대명서1길 62-2,어린이보호,35.83090682,128.5641264
41163,대구광역시 남구청,대구광역시 남구 골안길 187,어린이보호,35.83011608,128.5632735
41164,대구광역시 남구청,대구광역시 남구 삼정2길 28,어린이보호,35.8389329,128.594945
41165,대구광역시 남구청,대구광역시 남구 삼정2길 48,어린이보호,35.83800446,128.5949602
41166,대구광역시 남구청,대구광역시 남구 중앙대로31길 138,어린이보호,35.85115197,128.5863891
40519,대구광역시 남구청,대구광역시 남구 고산4길 28-1,생활방범,35.832251,128.602366
40520,대구광역시 남구청,대구광역시 남구 이천로 15,생활방범,35.842641,128.59783
40288,대구광역시 남구청,대구광역시 남구 명덕로40길 127,생활방범,35.85106216,128.5899985
40289,대구광역시 남구청,대구광역시 남구 중앙대로39길 13,생활방범,35.8502865,128.5901035
40290,대구광역시 남구청,대구광역시 남구 중앙대로 195,생활방범,35.85070001,128.590328
40291,대구광역시 남구청,대구광역시 남구 중앙대로40길 37,생활방범,35.85012045,128.5927039
40292,대구광역시 남구청,대구광역시 남구 봉덕로1길 76-19,생활방범,35.84867953,128.5924607
40293,대구광역시 남구청,대구광역시 남구 중앙대로38길 30-2,생활방범,35.84876305,128.5919742
40096,대구광역시 남구청,대구광역시 남구 효명길 100,생활방범,35.83487724,128.5948815
40097,대구광역시 남구청,대구광역시 남구 대덕로30길 12-1,생활방범,35.84035198,128.5995717
40098,대구광역시 남구청,대구광역시 남구 봉덕동 이천로9길 48,생활방범,35.84453664,128.5954519
40099,대구광역시 남구청,대구광역시 남구 삼각지1길 18-1,생활방범,35.84889238,128.5858309
40100,대구광역시 남구청,대구광역시 남구 삼각지3길 37-2,생활방범,35.85131978,128.585251
40101,대구광역시 남구청,대구광역시 남구 중앙대로46길 40,생활방범,35.85197386,128.5933396
40521,대구광역시 남구청,대구광역시 남구 중앙대로22길 45,생활방범,35.842641,128.59783
40522,대구광역시 남구청,"대구광역시 남구 대봉교 밑, 게이트볼경기장 주변",생활방범,35.854877,128.607392
40523,대구광역시 남구청,"대구광역시 남구 대봉교옆, 화장실옆",생활방범,35.854328,128.607494
40524,대구광역시 남구청,대구광역시 남구 희망교하류 450m 화장실 옆,생활방범,35.852413,128.607397
40525,대구광역시 남구청,"대구광역시 남구 희망교옆, 화장실옆",생활방범,35.847101,128.60597
40526,대구광역시 남구청,"대구광역시 남구 중동교하류 350m, 화장실옆",생활방범,35.844993,128.606352
40527,대구광역시 남구청,"대구광역시 남구 중동교하류 200m, 술래잡이놀이터",생활방범,35.843771,128.606566
40528,대구광역시 남구청,"대구광역시 남구 중동교옆, 화장실옆",생활방범,35.840613,128.60641
40529,대구광역시 남구청,"대구광역시 남구 상동교하류600m, 농구장앞",생활방범,35.839327,128.606083
40530,대구광역시 남구청,"대구광역시 남구 상동교하류300m, 보행진입로 앞",생활방범,35.837679,128.6056
40531,대구광역시 남구청,대구광역시 남구 봉덕로 93,생활방범,35.845203,128.600906
40532,대구광역시 남구청,대구광역시 남구 대덕로 187,생활방범,35.84154,128.603505
40533,대구광역시 남구청,대구광역시 남구 대덕로 187,생활방범,35.84154,128.603505
40534,대구광역시 남구청,대구광역시 남구 대경7길 7,생활방범,35.848912,128.573533
40535,대구광역시 남구청,대구광역시 남구 대경7길 7,생활방범,35.848912,128.573533
40536,대구광역시 남구청,대구광역시 남구 대경7길 7,생활방범,35.848912,128.573533
40537,대구광역시 남구청,대구광역시 남구 중앙대로32길 46,생활방범,35.847427,128.593004
40538,대구광역시 남구청,대구광역시 남구 중앙대로32길 46,생활방범,35.847427,128.593004
40539,대구광역시 남구청,대구광역시 남구 이천로31길 12,생활방범,35.854899,128.597831
40540,대구광역시 남구청,대구광역시 남구 이천로31길 12,생활방범,35.854899,128.597831
40541,대구광역시 남구청,대구광역시 남구 이천로31길 12,생활방범,35.854899,128.597831
40542,대구광역시 남구청,대구광역시 남구 봉덕로6길 35-33,생활방범,35.843106,128.59259
40543,대구광역시 남구청,대구광역시 남구 봉덕로6길 35-33,생활방범,35.843106,128.59259
40544,대구광역시 남구청,대구광역시 남구 고산4길 74-2,생활방범,35.833578,128.6038
40545,대구광역시 남구청,대구광역시 남구 고산4길 74-2,생활방범,35.833578,128.6038
40546,대구광역시 남구청,대구광역시 남구 현충로50길 16,생활방범,35.853395,128.58416
40547,대구광역시 남구청,대구광역시 남구 현충로50길 16,생활방범,35.853395,128.58416
40548,대구광역시 남구청,대구광역시 남구 봉덕로11길 24-93,생활방범,35.846413,128.59653
40549,대구광역시 남구청,대구광역시 남구 봉덕로11길 24-93,생활방범,35.846413,128.59653
40550,대구광역시 남구청,대구광역시 남구 안지랑로13길 73-2,생활방범,35.835945,128.5672
40551,대구광역시 남구청,대구광역시 남구 안지랑로13길 73-2,생활방범,35.835945,128.5672
41001,대구광역시 남구청,대구광역시 남구 이천동 대봉로26길 33 대봉초등학교,어린이보호,35.8513247,128.6054636
40552,대구광역시 남구청,대구광역시 남구 봉덕로25길 43-2,생활방범,35.846596,128.601758
40553,대구광역시 남구청,대구광역시 남구 봉덕로25길 43-2,생활방범,35.846596,128.601758
40554,대구광역시 남구청,대구광역시 남구 두류공원로20길 65,생활방범,35.847179,128.571716
40555,대구광역시 남구청,대구광역시 남구 두류공원로20길 65,생활방범,35.847179,128.571716
40556,대구광역시 남구청,대구광역시 남구 대명로19길 53,생활방범,35.842042,128.567523
40557,대구광역시 남구청,대구광역시 남구 봉덕3동 695-23,생활방범,35.844962,128.595976
40558,대구광역시 남구청,대구광역시 남구 봉덕로20길 9,생활방범,35.844157,128.601063
40559,대구광역시 남구청,대구광역시 남구 봉덕로20길 9,생활방범,35.844157,128.601063
40560,대구광역시 남구청,대구광역시 남구 대경6길 102-1,생활방범,35.847952,128.575847
40561,대구광역시 남구청,대구광역시 남구 대경6길 102-1,생활방범,35.847952,128.575847
40562,대구광역시 남구청,대구광역시 남구 대경6길 102-1,생활방범,35.847952,128.575847
